MTS,OPEN,CLOSE,HIGH,LOW,VOLUME
2017-11-20 17:15:00,8260.7,8270.1,8270.1,8260.6,7.60068981
2017-11-20 17:00:00,8250.0,8268.8,8278.0,8249.9,510.16716553
2017-11-20 16:45:00,8244.2,8250.0,8250.0,8227.3,219.46700953
2017-11-20 16:30:00,8241.1,8244.1,8257.0,8210.0,548.43055591
2017-11-20 16:15:00,8210.0,8241.0,8250.0,8210.0,434.6234407
2017-11-20 16:00:00,8212.2,8210.0,8240.3,8198.0,280.86677464
2017-11-20 15:45:00,8200.1,8208.0,8227.7,8196.1,352.50421107
2017-11-20 15:30:00,8211.4,8200.0,8220.0,8175.2,344.23901996
2017-11-20 15:15:00,8246.1,8211.3,8247.0,8176.8,794.66131313
2017-11-20 15:00:00,8260.4,8244.3,8277.9,8236.2,411.83177782
2017-11-20 14:45:00,8230.1,8259.6,8276.0,8230.0,983.64260102
2017-11-20 14:30:00,8247.4,8230.1,8247.6,8200.0,614.50326392
2017-11-20 14:15:00,8216.9,8247.6,8250.0,8209.7,584.81929566
2017-11-20 14:00:00,8172.9,8219.8,8220.0,8160.0,1584.94022486
2017-11-20 13:45:00,8175.0,8172.9,8175.0,8150.1,219.77433845
2017-11-20 13:30:00,8155.1,8172.1,8175.1,8140.5,612.18385227
2017-11-20 13:15:00,8189.0,8155.1,8190.0,8150.0,522.97697829
2017-11-20 13:00:00,8149.8,8188.8,8190.0,8138.0,1278.45356527
2017-11-20 12:45:00,8144.6,8150.0,8151.4,8135.0,380.48662823
2017-11-20 12:30:00,8154.1,8140.5,8163.2,8101.2,707.88167504
2017-11-20 12:15:00,8109.3,8154.2,8154.2,8105.3,1395.57929192
2017-11-20 12:00:00,8068.83540561,8109.8,8110.0,8068.83540561,458.72529771
2017-11-20 11:45:00,8080.2,8068.83540561,8090.0,8060.4,200.9575314
2017-11-20 11:30:00,8059.0,8082.3,8090.0,8058.4,222.74799635
2017-11-20 11:15:00,8048.9,8058.9,8060.0,8048.0,124.78408328
2017-11-20 11:00:00,8054.2,8048.9,8069.9,8042.0,128.84300207
2017-11-20 10:45:00,8043.0,8052.3,8062.0,8041.0,151.88696369
2017-11-20 10:30:00,8040.0,8044.0,8045.0,8035.6,161.97120291
2017-11-20 10:15:00,8040.2,8040.0,8045.0,8035.0,83.62899038
2017-11-20 10:00:00,8034.9,8044.5,8055.0,8034.9,231.74731392
2017-11-20 09:45:00,8034.9,8034.9,8049.9,8024.8,197.30896045
2017-11-20 09:30:00,8060.4,8035.0,8067.0,8025.0,256.45220129
2017-11-20 09:15:00,8059.9,8059.2,8068.0,8039.0,233.28593194
2017-11-20 09:00:00,8063.1,8059.9,8069.0,8058.2,143.3835891
2017-11-20 08:45:00,8063.0,8063.3,8068.2,8046.0,314.74246759
2017-11-20 08:30:00,8055.1,8064.2,8080.8,8055.0,274.01429563
2017-11-20 08:15:00,8047.0,8055.1,8071.3,8047.0,430.16304592
2017-11-20 08:00:00,8029.0,8047.0,8048.0,8022.5,140.2974785
2017-11-20 07:45:00,8026.8,8028.5,8034.2,8002.3,154.5475933
2017-11-20 07:30:00,8046.9,8022.2,8047.0,8020.0,183.02669298
2017-11-20 07:15:00,8049.1,8045.1,8050.0,8033.0,138.24381022
2017-11-20 07:00:00,8034.1,8049.1,8050.0,8032.1,227.77201138
2017-11-20 06:45:00,7994.2,8034.2,8048.8,7990.0,866.8666731
2017-11-20 06:30:00,7985.1,7994.2,7994.5,7976.0,405.8028884
2017-11-20 06:15:00,7979.9,7985.7,7986.0,7970.0,130.66436121
2017-11-20 06:00:00,8003.0,7979.8,8003.1,7961.0,270.74577344
2017-11-20 05:45:00,8008.8,8003.0,8018.7,8002.0,101.67301146
2017-11-20 05:30:00,7989.4,8008.9,8008.9,7984.8,111.21020227
2017-11-20 05:15:00,7978.1,7982.6,7998.9,7971.3,111.98631195
2017-11-20 05:00:00,8018.6,7978.1,8018.7,7978.0,125.23316447
2017-11-20 04:45:00,8005.9,8016.0,8030.0,7996.0,250.05888499
2017-11-20 04:30:00,7992.8,8008.0,8015.0,7991.9,428.26820021
2017-11-20 04:15:00,7969.8,7997.5,7997.5,7969.6,107.51570483
2017-11-20 04:00:00,7958.9,7972.0,7995.4,7958.8,214.95775576
2017-11-20 03:45:00,7954.5,7960.0,7979.7,7925.0,296.991295
2017-11-20 03:30:00,7957.0,7954.5,7971.9,7937.6,505.94167743
2017-11-20 03:15:00,7991.1,7957.0,7999.8,7953.1,160.22087856
2017-11-20 03:00:00,7975.8,7990.7,7998.7,7965.3,175.79482967
2017-11-20 02:45:00,8006.7,7976.2,8012.7,7958.0,482.11052787
2017-11-20 02:30:00,8012.0,8007.9,8014.9,7990.1,163.09353018
2017-11-20 02:15:00,8007.0,8012.3,8013.8,7985.3,133.06799295
2017-11-20 02:00:00,8025.7,8007.0,8027.0,7986.8,300.27414933
2017-11-20 01:45:00,8008.1,8024.8,8030.0,7990.5,322.40716529
2017-11-20 01:30:00,8052.2,8008.1,8054.8,8002.1,397.70693085
2017-11-20 01:15:00,8075.1,8052.3,8075.8,8040.5,153.37449895
2017-11-20 01:00:00,8044.8,8075.0,8084.0,8044.0,245.72647386
2017-11-20 00:45:00,8054.9,8044.8,8070.0,8034.8,214.19528775
2017-11-20 00:30:00,8048.0,8053.1,8057.1,8030.0,210.12068914
2017-11-20 00:15:00,8047.0,8048.0,8073.2,8020.3,291.33261228
2017-11-20 00:00:00,8052.6,8047.0,8078.4,8047.0,235.42587934
2017-11-19 23:45:00,8041.2,8052.7,8081.1,8036.0,422.64828157
2017-11-19 23:30:00,8008.9,8044.9,8044.9,8008.1,197.34698305
2017-11-19 23:15:00,8016.1,8008.9,8018.7,7988.8,118.32206993
2017-11-19 23:00:00,8023.2,8015.9,8028.2,7984.0,268.82696646
2017-11-19 22:45:00,8009.0,8020.4,8040.0,8008.0,255.6761546
2017-11-19 22:30:00,7959.8,8009.0,8026.7,7959.8,436.14308746
2017-11-19 22:15:00,8013.6,7960.0,8030.0,7951.0,610.96202494
2017-11-19 22:00:00,8017.1,8011.1,8040.0,7985.0,619.23315297
2017-11-19 21:45:00,8082.6,8019.5,8087.9,8010.9,536.35031695
2017-11-19 21:30:00,8058.9,8080.2,8085.6,8054.7,235.02913431
2017-11-19 21:15:00,8067.9,8057.2,8080.0,8055.3,257.28173094
2017-11-19 21:00:00,8045.8,8068.0,8080.0,8026.0,485.21185843
2017-11-19 20:45:00,8094.6,8045.7,8107.9,8041.0,742.82686395
2017-11-19 20:30:00,8097.7,8094.8,8115.0,8079.2,651.40252401
2017-11-19 20:15:00,8096.3,8107.8,8130.0,8077.0,1480.97818655
2017-11-19 20:00:00,8054.0,8096.3,8096.3,8045.0,791.20001527
2017-11-19 19:45:00,8037.9,8053.9,8077.0,8037.9,620.333431
2017-11-19 19:30:00,7983.3,8037.7,8059.1,7980.0,913.5632963
2017-11-19 19:15:00,8008.6,7980.3,8019.0,7980.2,312.72515897
2017-11-19 19:00:00,8006.0,8008.5,8021.5,7928.3,1530.95629634
2017-11-19 18:45:00,8011.2,8006.0,8045.2,8001.0,519.67348793
2017-11-19 18:30:00,8042.3,8006.4,8070.0,8006.4,772.24712649
2017-11-19 18:15:00,8054.3,8042.1,8078.9,7914.2,2573.19199283
2017-11-19 18:00:00,7991.9,8054.4,8100.0,7991.9,3758.49156364
2017-11-19 17:45:00,7922.8,7991.9,8009.5,7922.8,2584.85851873
2017-11-19 17:30:00,7912.0,7923.1,7923.6,7881.0,1244.05180243
2017-11-19 17:15:00,7805.9,7918.8,7918.8,7804.9,1903.75364526
2017-11-19 17:00:00,7813.6,7805.9,7814.9,7800.0,234.9186465
2017-11-19 16:45:00,7800.0,7812.7,7824.8,7800.0,521.39309902
2017-11-19 16:30:00,7773.1,7800.0,7800.1,7766.2,204.43911976
2017-11-19 16:15:00,7766.4,7773.0,7789.7,7766.2,172.32277702
2017-11-19 16:00:00,7755.0,7770.2,7775.0,7750.0,146.94033784
2017-11-19 15:45:00,7739.0,7754.5,7760.7,7739.0,104.09872081
2017-11-19 15:30:00,7769.0,7739.0,7774.3,7731.0,171.80601979
2017-11-19 15:15:00,7753.0,7769.1,7769.3,7742.1,135.2055388
2017-11-19 15:00:00,7793.4,7752.9,7799.0,7742.1,213.69646986
2017-11-19 14:45:00,7776.9,7793.5,7797.9,7768.6,194.30009146
2017-11-19 14:30:00,7777.0,7775.0,7794.7,7771.0,159.24769239
2017-11-19 14:15:00,7799.7,7777.1,7802.8,7777.0,230.23763008
2017-11-19 14:00:00,7809.8,7799.6,7810.0,7773.3,470.09859931
2017-11-19 13:45:00,7759.5,7809.9,7810.0,7759.5,520.14978509
2017-11-19 13:30:00,7768.6,7759.4,7770.1,7750.0,108.8963185
2017-11-19 13:15:00,7719.4,7769.9,7770.1,7715.0,172.10525209
2017-11-19 13:00:00,7721.4,7719.3,7738.0,7706.0,173.65410828
2017-11-19 12:45:00,7735.9,7720.0,7744.3,7701.2,157.50816207
2017-11-19 12:30:00,7719.6,7735.9,7739.6,7710.9,150.8702823
2017-11-19 12:15:00,7735.0,7719.8,7745.5,7702.9,298.36576062
2017-11-19 12:00:00,7758.6,7735.3,7772.8,7725.8,173.49178601
2017-11-19 11:45:00,7746.4,7759.1,7763.4,7722.8,165.07501185
2017-11-19 11:30:00,7775.0,7748.0,7779.0,7743.4,132.78041432
2017-11-19 11:15:00,7789.0,7775.0,7789.1,7767.6,133.07525761
2017-11-19 11:00:00,7777.6,7789.1,7793.3,7768.9,212.44102262
2017-11-19 10:45:00,7770.0,7778.3,7780.0,7760.3,89.09802243
2017-11-19 10:30:00,7769.8,7770.0,7770.0,7755.9,139.24845244
2017-11-19 10:15:00,7777.8,7771.7,7779.8,7762.1,109.63066154
2017-11-19 10:00:00,7774.9,7777.8,7789.0,7774.9,154.23753192
2017-11-19 09:45:00,7764.9,7775.0,7775.0,7761.8,100.84045616
2017-11-19 09:30:00,7780.1,7765.0,7785.7,7765.0,160.07992029
2017-11-19 09:15:00,7754.9,7780.0,7789.0,7754.9,218.34158276
2017-11-19 09:00:00,7736.3,7755.0,7758.8,7732.7,130.8270684
2017-11-19 08:45:00,7736.7,7738.5,7740.1,7717.0,97.29053673
2017-11-19 08:30:00,7707.9,7736.8,7741.8,7702.8,288.43722499
2017-11-19 08:15:00,7691.9,7708.0,7715.2,7690.0,166.4043247
2017-11-19 08:00:00,7715.4,7693.6,7727.3,7685.1,221.8330904
2017-11-19 07:45:00,7712.1,7715.4,7722.8,7690.0,401.37324197
2017-11-19 07:30:00,7677.2,7712.1,7729.0,7677.1,397.74375457
2017-11-19 07:15:00,7697.3,7677.2,7698.8,7650.0,708.88279683
2017-11-19 07:00:00,7741.8,7697.1,7753.3,7681.0,531.31053706
2017-11-19 06:45:00,7740.7,7741.6,7766.4,7732.3,193.96662514
2017-11-19 06:30:00,7752.2,7740.6,7762.5,7725.3,195.98385801
2017-11-19 06:15:00,7769.9,7763.4,7780.9,7750.0,196.5211612
2017-11-19 06:00:00,7744.6,7768.7,7775.6,7741.4,203.69623852
2017-11-19 05:45:00,7761.1,7744.6,7775.5,7740.0,152.91599812
2017-11-19 05:30:00,7771.2,7760.8,7773.5,7740.0,192.1031862
2017-11-19 05:15:00,7758.5,7771.2,7786.7,7750.0,198.66087737
2017-11-19 05:00:00,7783.9,7759.8,7785.0,7728.4,339.76517526
2017-11-19 04:45:00,7801.0,7784.4,7801.5,7764.9,186.78446254
2017-11-19 04:30:00,7810.0,7800.9,7818.0,7800.0,171.88092772
2017-11-19 04:15:00,7817.0,7810.0,7817.2,7810.0,102.62947604
2017-11-19 04:00:00,7783.6,7817.0,7820.0,7783.6,315.47551108
2017-11-19 03:45:00,7790.4,7786.0,7802.6,7770.0,219.8847252
2017-11-19 03:30:00,7817.0,7787.0,7820.0,7760.0,383.89818529
2017-11-19 03:15:00,7814.5,7817.0,7820.0,7808.5,82.19155734
2017-11-19 03:00:00,7799.2,7818.6,7820.0,7799.2,70.83865801
2017-11-19 02:45:00,7799.4,7799.2,7800.0,7791.6,85.60584644
2017-11-19 02:30:00,7826.0,7799.3,7829.9,7791.5,193.14508742
2017-11-19 02:15:00,7814.5,7826.0,7840.0,7814.5,172.22691784
2017-11-19 02:00:00,7812.3,7814.5,7816.0,7801.2,137.20995523
2017-11-19 01:45:00,7805.9,7812.3,7821.9,7805.6,187.47955508
2017-11-19 01:30:00,7790.1,7806.0,7806.0,7774.1,105.98937099
2017-11-19 01:15:00,7779.9,7790.1,7798.0,7774.1,74.20290705
2017-11-19 01:00:00,7751.4,7778.4,7778.5,7751.4,118.864007
2017-11-19 00:45:00,7786.6,7750.0,7786.6,7740.1,160.98975077
2017-11-19 00:30:00,7769.9,7786.6,7786.7,7769.9,58.39177007
2017-11-19 00:15:00,7756.4,7769.9,7777.2,7751.3,139.94696856
2017-11-19 00:00:00,7773.2,7756.4,7773.3,7735.9,356.84949381
2017-11-18 23:45:00,7805.0,7773.3,7805.0,7773.0,186.25963176
2017-11-18 23:30:00,7793.2,7805.0,7813.2,7783.9,541.69156377
2017-11-18 23:15:00,7765.9,7785.0,7810.0,7763.9,199.49290895
2017-11-18 23:00:00,7826.6,7763.7,7829.6,7759.0,371.49480361
2017-11-18 22:45:00,7790.0,7828.4,7830.0,7787.7,282.20194528
2017-11-18 22:30:00,7799.9,7787.8,7800.0,7785.0,348.42112737
2017-11-18 22:15:00,7819.9,7800.0,7820.0,7781.4,587.6527506
2017-11-18 22:00:00,7830.0,7819.9,7830.0,7800.5,599.5546275
2017-11-18 21:45:00,7845.6,7830.0,7850.0,7819.9,542.05708306
2017-11-18 21:30:00,7841.8,7845.8,7867.8,7813.3,696.02058012
2017-11-18 21:15:00,7760.0,7842.1,7849.9,7759.9,1213.91110853
2017-11-18 21:00:00,7734.9,7760.0,7760.0,7734.9,96.87519867
2017-11-18 20:45:00,7752.3,7735.0,7757.7,7732.0,154.99938041
2017-11-18 20:30:00,7729.1,7752.3,7752.3,7722.0,200.07590931
2017-11-18 20:15:00,7750.0,7729.1,7750.0,7718.7,145.73589837
2017-11-18 20:00:00,7730.0,7750.0,7762.0,7730.0,239.82549576
2017-11-18 19:45:00,7720.8,7730.1,7739.7,7720.0,90.49299151
2017-11-18 19:30:00,7735.8,7721.8,7759.6,7719.9,186.5467695
2017-11-18 19:15:00,7752.4,7734.1,7770.0,7730.0,135.52385344
2017-11-18 19:00:00,7760.0,7754.0,7776.8,7750.0,200.02291784
2017-11-18 18:45:00,7742.2,7758.5,7770.0,7740.0,250.18648588
2017-11-18 18:30:00,7776.7,7742.2,7783.3,7729.0,415.15060413
2017-11-18 18:15:00,7736.9,7774.7,7780.0,7735.0,319.32782747
2017-11-18 18:00:00,7715.7,7736.9,7739.4,7709.2,190.03528608
2017-11-18 17:45:00,7734.2,7716.4,7748.0,7709.0,295.7853364
2017-11-18 17:30:00,7706.9,7734.5,7735.0,7690.0,431.91395646
2017-11-18 17:15:00,7683.1,7705.5,7707.1,7669.1,403.75663333
2017-11-18 17:00:00,7630.9,7683.0,7693.3,7630.9,299.27799771
2017-11-18 16:45:00,7654.2,7631.0,7657.3,7630.9,303.17580103
2017-11-18 16:30:00,7662.2,7652.2,7678.7,7646.9,211.01955453
2017-11-18 16:15:00,7679.6,7665.3,7699.8,7654.1,383.20400562
2017-11-18 16:00:00,7683.8,7679.9,7684.0,7644.3,424.72139604
2017-11-18 15:45:00,7669.9,7679.4,7704.0,7669.7,262.24242723
2017-11-18 15:30:00,7643.4,7669.9,7677.9,7643.0,168.0553093
2017-11-18 15:15:00,7680.5,7643.5,7683.5,7640.0,246.40304531
2017-11-18 15:00:00,7697.8,7683.5,7709.2,7672.1,191.21183972
2017-11-18 14:45:00,7700.0,7697.9,7713.0,7680.5,288.76603811
2017-11-18 14:30:00,7691.4,7699.9,7706.6,7680.0,326.39925328
2017-11-18 14:15:00,7650.2,7694.7,7701.1,7640.0,270.14971888
2017-11-18 14:00:00,7646.0,7650.2,7675.9,7643.2,268.01752583
2017-11-18 13:45:00,7647.3,7645.8,7672.7,7629.7,357.45399509
2017-11-18 13:30:00,7695.5,7647.3,7712.1,7640.7,441.68480811
2017-11-18 13:15:00,7725.0,7695.5,7734.7,7690.5,186.40018677
2017-11-18 13:00:00,7702.8,7719.5,7740.0,7702.8,235.15419056
2017-11-18 12:45:00,7720.6,7702.8,7734.2,7691.6,145.64179003
2017-11-18 12:30:00,7707.0,7720.4,7729.9,7673.1,585.94045303
2017-11-18 12:15:00,7739.4,7706.6,7747.5,7706.6,307.62252363
2017-11-18 12:00:00,7790.3,7739.7,7800.0,7735.1,316.697067
2017-11-18 11:45:00,7745.9,7790.4,7800.0,7722.5,729.23135772
2017-11-18 11:30:00,7688.9,7745.9,7747.2,7685.7,378.39917943
2017-11-18 11:15:00,7706.6,7689.0,7710.9,7685.0,165.13531237
2017-11-18 11:00:00,7699.2,7702.0,7719.1,7674.0,255.94106165
2017-11-18 10:45:00,7712.3,7695.4,7731.8,7693.8,213.67231229
2017-11-18 10:30:00,7690.1,7712.3,7719.3,7671.0,250.02802234
2017-11-18 10:15:00,7710.1,7690.0,7718.9,7676.7,293.50960275
2017-11-18 10:00:00,7757.0,7713.9,7759.5,7697.9,272.31962164
2017-11-18 09:45:00,7747.0,7757.0,7770.0,7746.5,153.72119981
2017-11-18 09:30:00,7753.0,7749.6,7770.0,7746.7,202.69205101
2017-11-18 09:15:00,7731.3,7753.1,7766.5,7720.0,329.96605484
2017-11-18 09:00:00,7757.1,7722.0,7758.6,7714.9,342.47650665
2017-11-18 08:45:00,7778.9,7757.0,7785.5,7718.9,257.51301417
2017-11-18 08:30:00,7749.8,7780.0,7781.2,7740.0,735.06856793
2017-11-18 08:15:00,7692.1,7749.9,7749.9,7692.1,847.10160764
2017-11-18 08:00:00,7692.6,7692.2,7698.9,7648.6,352.61437017
2017-11-18 07:45:00,7649.0,7692.7,7698.8,7649.0,409.69476582
2017-11-18 07:30:00,7622.0,7648.9,7649.0,7615.4,113.01125181
2017-11-18 07:15:00,7575.9,7622.5,7637.9,7570.5,205.27352195
2017-11-18 07:00:00,7569.1,7575.7,7602.0,7554.5,237.01277673
2017-11-18 06:45:00,7630.8,7569.2,7635.2,7562.0,305.10254572
2017-11-18 06:30:00,7602.9,7630.7,7650.0,7602.4,325.0996736
2017-11-18 06:15:00,7608.0,7602.3,7617.9,7584.5,312.92778831
2017-11-18 06:00:00,7671.3,7608.0,7675.9,7585.0,733.92522068
2017-11-18 05:45:00,7649.9,7671.3,7689.5,7647.0,132.96364329
2017-11-18 05:30:00,7659.9,7650.0,7705.6,7641.6,373.33550528
2017-11-18 05:15:00,7672.3,7660.0,7673.8,7637.4,237.42988419
2017-11-18 05:00:00,7698.0,7675.2,7708.8,7648.0,267.53186151
2017-11-18 04:45:00,7650.7,7698.0,7723.0,7650.7,681.18363163
2017-11-18 04:30:00,7615.0,7650.3,7654.0,7610.7,560.53463459
2017-11-18 04:15:00,7548.0,7614.9,7615.0,7539.0,236.00747004
2017-11-18 04:00:00,7575.9,7547.9,7584.6,7500.0,456.98217389
2017-11-18 03:45:00,7616.8,7575.9,7616.8,7540.0,362.27649861
2017-11-18 03:30:00,7597.9,7620.7,7635.6,7565.6,970.58500133
2017-11-18 03:15:00,7507.0,7597.7,7598.0,7506.9,1026.0402175
2017-11-18 03:00:00,7441.7,7507.0,7549.0,7440.0,1225.50547654
2017-11-18 02:45:00,7472.3,7441.7,7474.5,7412.0,678.96875359
2017-11-18 02:30:00,7453.0,7474.4,7474.4,7420.0,1065.76812754
2017-11-18 02:15:00,7508.8,7453.0,7546.9,7450.1,761.94190449
2017-11-18 02:00:00,7459.9,7508.9,7509.0,7459.9,578.38052891
2017-11-18 01:45:00,7540.4,7459.9,7548.2,7459.1,1638.43452321
2017-11-18 01:30:00,7595.5,7540.4,7600.2,7540.0,468.16009308
2017-11-18 01:15:00,7620.9,7600.0,7661.1,7595.4,388.39521015
2017-11-18 01:00:00,7580.1,7621.4,7629.8,7550.1,448.11444481
2017-11-18 00:45:00,7549.9,7580.0,7654.0,7549.9,975.32358907
2017-11-18 00:30:00,7570.4,7550.0,7645.8,7510.0,1476.50724785
2017-11-18 00:15:00,7613.6,7570.4,7640.1,7550.0,1141.98568584
2017-11-18 00:00:00,7674.1,7613.6,7679.7,7613.6,589.73553799
2017-11-17 23:45:00,7706.3,7675.9,7723.8,7650.3,592.60069782
2017-11-17 23:30:00,7725.0,7705.1,7766.0,7701.1,379.38413164
2017-11-17 23:15:00,7723.3,7725.0,7736.7,7700.0,363.77714576
2017-11-17 23:00:00,7780.0,7723.3,7784.9,7716.6,481.71930896
2017-11-17 22:45:00,7787.9,7780.0,7788.0,7738.5,389.75421864
2017-11-17 22:30:00,7779.9,7788.0,7821.8,7772.2,568.93621467
2017-11-17 22:15:00,7736.9,7780.0,7799.0,7726.3,740.38988822
2017-11-17 22:00:00,7711.2,7736.9,7747.9,7692.1,575.72698028
2017-11-17 21:45:00,7695.0,7711.2,7729.9,7672.4,946.62182675
2017-11-17 21:30:00,7635.7,7689.2,7699.2,7580.0,1447.73185377
2017-11-17 21:15:00,7695.1,7635.7,7700.0,7600.1,1083.51349025
2017-11-17 21:00:00,7690.0,7694.9,7723.8,7673.2,626.70400781
2017-11-17 20:45:00,7655.6,7690.1,7727.7,7655.6,702.40337849
2017-11-17 20:30:00,7749.3,7655.6,7753.8,7643.1,1644.61457429
2017-11-17 20:15:00,7775.0,7746.2,7785.0,7746.0,740.03686258
2017-11-17 20:00:00,7813.9,7780.7,7818.2,7769.7,441.57151009
2017-11-17 19:45:00,7791.0,7821.3,7837.3,7777.5,439.61740682
2017-11-17 19:30:00,7811.8,7792.7,7812.0,7777.0,669.17250514
2017-11-17 19:15:00,7840.1,7811.4,7840.1,7800.22916747,283.62034638
2017-11-17 19:00:00,7832.5,7840.0,7849.7,7812.0,319.58644641
2017-11-17 18:45:00,7814.6,7832.6,7839.1,7811.1,119.86146659
2017-11-17 18:30:00,7846.5,7814.1,7859.8,7814.1,221.112511
2017-11-17 18:15:00,7856.3,7847.7,7857.3,7834.4,164.22323236
2017-11-17 18:00:00,7810.0,7855.0,7862.7,7784.2,340.27198553
2017-11-17 17:45:00,7814.3,7812.9,7850.70997319,7797.8,274.5969696
2017-11-17 17:30:00,7796.9,7812.5,7847.1,7781.0,573.3217374
2017-11-17 17:15:00,7863.2,7801.8,7868.0,7780.0,753.89130913
2017-11-17 17:00:00,7859.9,7864.0,7876.4,7844.6,357.98068472
2017-11-17 16:45:00,7912.0,7858.1,7914.5,7849.9,360.15998921
2017-11-17 16:30:00,7866.0,7914.2,7914.5,7852.0,805.1281375
2017-11-17 16:15:00,7931.5,7869.3,7935.7,7848.3,862.85366705
2017-11-17 16:00:00,7954.1,7931.3,7990.0,7890.0,832.97429647
2017-11-17 15:45:00,7962.3,7954.8,7991.2,7940.2,1172.44490204
2017-11-17 15:30:00,7905.7,7969.0,7970.1,7903.3,575.039108
2017-11-17 15:15:00,7905.2,7905.5,7924.1,7899.0,300.10438132
2017-11-17 15:00:00,7899.9,7908.5,7944.0,7894.9,971.97944052
2017-11-17 14:45:00,7842.5,7902.0,7914.6,7842.5,1065.75652906
2017-11-17 14:30:00,7848.1,7848.1,7849.9,7824.1,294.08789638
2017-11-17 14:15:00,7820.4,7848.2,7850.0,7802.4,248.63802705
2017-11-17 14:00:00,7804.8,7820.2,7850.0,7790.6,439.94279274
2017-11-17 13:45:00,7797.7,7805.0,7824.3,7764.3,404.63065018
2017-11-17 13:30:00,7841.8,7799.9,7873.0,7797.1,610.41240857
2017-11-17 13:15:00,7789.0,7841.9,7842.8,7786.7,403.51438013
2017-11-17 13:00:00,7731.4,7789.0,7850.4,7730.9,1383.58586187
2017-11-17 12:45:00,7886.8,7730.8,7887.9,7712.6,2228.1915751
2017-11-17 12:30:00,7843.9,7886.9,7920.0,7843.9,717.88100414
2017-11-17 12:15:00,7863.0,7843.9,7881.0,7831.0,543.50630699
2017-11-17 12:00:00,7812.3,7863.0,7863.1,7812.0,410.6580145
2017-11-17 11:45:00,7796.6,7812.8,7840.7,7796.6,528.68765129
2017-11-17 11:30:00,7875.0,7796.0,7875.0,7779.6,797.58640317
2017-11-17 11:15:00,7888.4,7873.1,7889.0,7832.2,762.53637738
2017-11-17 11:00:00,7897.1,7888.3,7920.0,7872.0,833.50362425
2017-11-17 10:45:00,7839.4,7897.1,7900.0,7834.5,894.2172058
2017-11-17 10:30:00,7811.5,7839.7,7900.0,7790.0,1500.41182962
2017-11-17 10:15:00,7794.5,7811.0,7824.4,7778.4,577.43561309
2017-11-17 10:00:00,7771.9,7793.9,7795.6,7758.4,347.11459802
2017-11-17 09:45:00,7738.1,7771.4,7798.0,7721.0,388.64437159
2017-11-17 09:30:00,7720.3,7739.5,7763.6,7713.4,471.43284198
2017-11-17 09:15:00,7810.0,7720.4,7810.0,7690.7,1079.40718869
2017-11-17 09:00:00,7732.8,7801.4,7840.0,7728.3,1087.26795106
2017-11-17 08:45:00,7676.7,7732.3,7760.0,7668.7,1042.8816117
2017-11-17 08:30:00,7679.0,7670.5,7719.0,7632.6,760.66059468
2017-11-17 08:15:00,7687.1,7674.9,7749.9,7660.0,1666.40617184
2017-11-17 08:00:00,7509.0,7687.3,7690.0,7508.1,2553.67327208
2017-11-17 07:45:00,7612.0,7509.9,7694.0,7505.0,3473.9650075
2017-11-17 07:30:00,7782.0,7612.2,7782.0,7601.0,2545.15591021
2017-11-17 07:15:00,7760.0,7778.1,7805.5,7721.4,914.40010286
2017-11-17 07:00:00,7860.0,7760.0,7860.0,7722.0,1617.02785644
2017-11-17 06:45:00,7878.1,7860.1,7885.0,7826.3,292.60161483
2017-11-17 06:30:00,7896.3,7876.0,7900.0,7870.5,155.07999209
2017-11-17 06:15:00,7880.4,7896.3,7910.0,7862.4,281.20761214
2017-11-17 06:00:00,7921.6,7888.9,7931.7,7880.1,257.45073069
2017-11-17 05:45:00,7908.1,7921.5,7935.0,7884.0,274.32137532
2017-11-17 05:30:00,7867.6,7902.2,7923.6,7862.5,444.67257811
2017-11-17 05:15:00,7861.1,7871.9,7871.9,7806.0,578.00437847
2017-11-17 05:00:00,7888.1,7861.2,7894.2,7850.5,350.4253612
2017-11-17 04:45:00,7875.4,7888.1,7909.7,7865.1,373.326869
2017-11-17 04:30:00,7936.9,7875.4,7937.9,7875.0,438.5069072
2017-11-17 04:15:00,7912.3,7936.8,7949.8,7895.4,430.38694868
2017-11-17 04:00:00,7934.7,7912.6,7945.4,7881.2,619.89802288
2017-11-17 03:45:00,7975.5,7934.5,7980.1,7920.8,666.27943766
2017-11-17 03:30:00,7967.0,7975.5,8016.5,7966.9,853.4450143
2017-11-17 03:15:00,7937.4,7966.9,7976.7,7937.4,382.89797572
2017-11-17 03:00:00,7950.1,7937.4,7967.2,7908.7,909.81968998
2017-11-17 02:45:00,7890.1,7950.1,7952.9,7840.4,661.01807812
2017-11-17 02:30:00,7874.8,7890.6,7920.0,7874.0,548.73735163
2017-11-17 02:15:00,7805.0,7883.2,7899.6,7780.0,1245.7790658
2017-11-17 02:00:00,7879.0,7805.1,7880.0,7802.2,1146.13589094
2017-11-17 01:45:00,7952.0,7878.9,7954.0,7856.0,1707.26436275
2017-11-17 01:30:00,7961.7,7952.0,8006.5,7950.0,593.61891547
2017-11-17 01:15:00,8017.3,7955.7,8017.5,7950.0,1160.46112511
2017-11-17 01:00:00,7950.0,8017.4,8040.0,7932.7,1365.73288259
2017-11-17 00:45:00,7922.0,7944.2,7963.7,7922.0,753.19252952
2017-11-17 00:30:00,7954.4,7922.0,8025.0,7902.0,1939.9526358
2017-11-17 00:15:00,7923.2,7950.5,7978.1,7920.1,1090.18672056
2017-11-17 00:00:00,7867.3,7921.0,7950.5,7864.1,1698.92505403
2017-11-16 23:45:00,7834.7,7865.2,7899.9,7834.7,647.05897117
2017-11-16 23:30:00,7856.1,7833.4,7860.0,7782.7,814.7736117
2017-11-16 23:15:00,7876.8,7856.2,7894.6,7836.3,1148.7046164
2017-11-16 23:00:00,7797.4,7875.4,7899.9,7790.3,989.01358018
2017-11-16 22:45:00,7801.0,7797.6,7819.4,7761.1,1148.98429104
2017-11-16 22:30:00,7780.9,7801.0,7862.5,7704.4,2478.99847401
2017-11-16 22:15:00,7930.1,7780.9,7940.0,7765.2,2963.6529216
2017-11-16 22:00:00,7906.5,7939.6,8020.0,7887.7,3319.08785536
2017-11-16 21:45:00,7905.1,7906.5,7919.8,7860.0,1906.52860761
2017-11-16 21:30:00,7770.3,7905.1,7951.7,7765.5,4408.10898189
2017-11-16 21:15:00,7740.0,7765.2,7789.9,7733.4,501.90574462
2017-11-16 21:00:00,7772.7,7739.9,7772.8,7725.9,428.50325041
2017-11-16 20:45:00,7750.6,7772.0,7790.0,7720.0,624.45539785
2017-11-16 20:30:00,7745.0,7750.6,7759.1,7701.0,654.70635939
2017-11-16 20:15:00,7704.8,7740.0,7749.9,7672.5,891.0864171
2017-11-16 20:00:00,7765.0,7705.0,7765.8,7700.0,756.3594298
2017-11-16 19:45:00,7736.7,7758.4,7790.0,7729.1,520.24403492
2017-11-16 19:30:00,7695.0,7739.4,7771.0,7694.8,1232.03688494
2017-11-16 19:15:00,7786.8,7694.8,7790.0,7655.4,1988.1580068
2017-11-16 19:00:00,7810.1,7781.1,7817.0,7741.1,1640.39299626
2017-11-16 18:45:00,7739.9,7810.2,7820.0,7717.6,3341.17873913
2017-11-16 18:30:00,7746.9,7740.0,7749.6,7706.6,904.43940267
2017-11-16 18:15:00,7686.9,7746.9,7760.0,7676.0,2437.14823501
2017-11-16 18:00:00,7711.3,7687.0,7714.0,7650.0,1546.25402397
2017-11-16 17:45:00,7632.3,7711.2,7730.0,7621.6,3386.64167705
2017-11-16 17:30:00,7503.9,7631.4,7698.0,7481.5,4628.47775203
2017-11-16 17:15:00,7470.0,7503.9,7504.9,7467.7,499.05011168
2017-11-16 17:00:00,7478.9,7468.0,7481.0,7460.0,289.0088165
2017-11-16 16:45:00,7450.4,7479.0,7479.0,7425.0,528.87394612
2017-11-16 16:30:00,7452.6,7450.6,7453.9,7445.0,402.34865296
2017-11-16 16:15:00,7420.0,7452.8,7474.9,7419.0,404.20662351
2017-11-16 16:00:00,7461.1,7420.0,7474.3,7420.0,493.1995838
2017-11-16 15:45:00,7462.4,7461.2,7479.9,7461.1,360.13413146
2017-11-16 15:30:00,7474.9,7462.1,7477.0,7460.9,349.0369779
2017-11-16 15:15:00,7493.6,7474.9,7495.0,7457.7,360.74914938
2017-11-16 15:00:00,7487.9,7492.4,7515.0,7473.6,589.07898882
2017-11-16 14:45:00,7423.1,7488.9,7520.0,7413.2,1175.21093683
2017-11-16 14:30:00,7411.6,7423.1,7427.4,7400.0,429.34972164
2017-11-16 14:15:00,7415.0,7414.9,7439.8,7409.6,450.96144071
2017-11-16 14:00:00,7404.1,7415.0,7424.9,7390.8,617.82052062
2017-11-16 13:45:00,7372.5,7404.1,7407.6,7370.0,739.71295986
2017-11-16 13:30:00,7420.0,7372.0,7420.8,7362.4,1104.31095258
2017-11-16 13:15:00,7468.1,7420.9,7469.8,7420.0,548.96134028
2017-11-16 13:00:00,7422.6,7468.2,7469.8,7417.8,395.82573729
2017-11-16 12:45:00,7462.9,7420.9,7463.6,7420.0,409.16603561
2017-11-16 12:30:00,7481.5,7462.9,7481.5,7451.1,340.47119432
2017-11-16 12:15:00,7476.7,7481.5,7490.0,7443.9,568.9845335
2017-11-16 12:00:00,7409.5,7474.3,7482.1,7402.0,758.03883393
2017-11-16 11:45:00,7382.6,7413.5,7439.8,7382.6,649.19209939
2017-11-16 11:30:00,7420.0,7384.9,7452.5,7358.0,1301.3789661
2017-11-16 11:15:00,7481.8,7420.0,7481.9,7411.0,698.97325281
2017-11-16 11:00:00,7488.0,7481.8,7511.0,7458.8,901.12901812
2017-11-16 10:45:00,7445.4,7488.0,7488.2,7443.5,551.72846256
2017-11-16 10:30:00,7495.1,7445.3,7495.1,7443.3,1042.5270158
2017-11-16 10:15:00,7487.5,7495.0,7558.5,7473.9,1992.87147344
2017-11-16 10:00:00,7464.9,7487.5,7522.8,7464.1,1392.62410485
2017-11-16 09:45:00,7439.0,7464.9,7465.0,7439.0,259.58180017
2017-11-16 09:30:00,7431.5,7439.0,7453.5,7428.0,278.40815666
2017-11-16 09:15:00,7460.5,7431.5,7464.0,7416.0,532.26890144
2017-11-16 09:00:00,7414.9,7460.5,7464.0,7398.2,1210.56403633
2017-11-16 08:45:00,7412.8,7414.9,7418.0,7382.9,480.18863174
2017-11-16 08:30:00,7379.3,7407.4,7418.8,7347.1,576.67229545
2017-11-16 08:15:00,7399.9,7379.2,7422.8,7379.2,561.61483408
2017-11-16 08:00:00,7389.8,7399.9,7432.3,7378.0,1757.56908105
2017-11-16 07:45:00,7330.0,7389.8,7416.1,7326.8,2024.69464362
2017-11-16 07:30:00,7274.7,7330.1,7339.8,7274.7,1293.66805476
2017-11-16 07:15:00,7256.0,7274.8,7274.8,7253.9,166.19047818
2017-11-16 07:00:00,7266.0,7257.3,7278.9,7247.3,404.70582675
2017-11-16 06:45:00,7234.3,7266.0,7284.4,7222.7,637.33664769
2017-11-16 06:30:00,7225.0,7234.0,7236.3,7216.7,203.57403969
2017-11-16 06:15:00,7229.0,7220.1,7240.0,7212.4,267.67483941
2017-11-16 06:00:00,7216.7,7228.9,7230.0,7202.6,284.1451944
2017-11-16 05:45:00,7195.1,7216.0,7220.0,7195.0,129.57145524
2017-11-16 05:30:00,7177.8,7195.1,7202.0,7169.4,140.98289504
2017-11-16 05:15:00,7190.7,7177.8,7195.0,7162.7,201.26441655
2017-11-16 05:00:00,7215.9,7187.9,7215.9,7169.0,374.0518667
2017-11-16 04:45:00,7209.3,7214.2,7220.0,7202.1,301.10140272
2017-11-16 04:30:00,7200.6,7209.3,7226.6,7180.0,464.50229771
2017-11-16 04:15:00,7218.8,7203.5,7235.8,7191.4,251.45832737
2017-11-16 04:00:00,7252.4,7218.7,7252.4,7200.7,676.36563631
2017-11-16 03:45:00,7190.1,7252.4,7259.1,7188.3,591.20188288
2017-11-16 03:30:00,7171.0,7188.4,7192.1,7171.0,213.35071438
2017-11-16 03:15:00,7176.1,7171.0,7189.0,7152.5,229.55213876
2017-11-16 03:00:00,7163.3,7179.6,7179.6,7156.0,212.60664295
2017-11-16 02:45:00,7173.6,7164.2,7189.4,7147.1,455.27774692
2017-11-16 02:30:00,7133.9,7173.2,7211.2,7132.5,755.7552901
2017-11-16 02:15:00,7135.0,7134.1,7135.8,7107.0,460.41780888
2017-11-16 02:00:00,7150.0,7135.0,7151.7,7125.0,181.37438302
2017-11-16 01:45:00,7105.0,7150.0,7159.0,7105.0,302.93125539
2017-11-16 01:30:00,7129.5,7114.2,7143.3,7091.0,551.11206753
2017-11-16 01:15:00,7170.8,7129.4,7171.0,7103.0,905.87105364
2017-11-16 01:00:00,7201.6,7170.8,7211.7,7151.0,648.32049507
2017-11-16 00:45:00,7221.3,7204.8,7229.1,7201.3,181.49736277
2017-11-16 00:30:00,7237.1,7221.1,7240.9,7202.8,384.49990551
2017-11-16 00:15:00,7234.5,7237.0,7241.8,7205.3,182.44467702
2017-11-16 00:00:00,7263.5,7234.5,7279.8,7201.4,487.61487683
2017-11-15 23:45:00,7254.7,7265.84095228,7279.0,7223.2,313.42826185
2017-11-15 23:30:00,7203.0,7250.3,7260.0,7202.0,421.88974414
2017-11-15 23:15:00,7205.2,7202.7,7225.2,7170.0,581.88032515
2017-11-15 23:00:00,7230.0,7203.6,7238.2,7184.7,409.09073229
2017-11-15 22:45:00,7240.2,7229.9,7244.0,7200.0,341.56949854
2017-11-15 22:30:00,7247.4,7239.6,7252.9,7227.8,293.10071989
2017-11-15 22:15:00,7252.5,7247.4,7290.0,7216.0,561.861259
2017-11-15 22:00:00,7287.6,7252.9,7289.0,7236.0,393.89315023
2017-11-15 21:45:00,7265.2,7287.6,7295.0,7259.0,271.59577233
2017-11-15 21:30:00,7239.3,7265.2,7274.0,7234.0,166.33089265
2017-11-15 21:15:00,7260.5,7241.0,7279.0,7224.1,434.37116304
2017-11-15 21:00:00,7231.9,7260.5,7266.9,7200.0,714.06667278
2017-11-15 20:45:00,7244.9,7231.9,7283.7,7219.0,797.34060109
2017-11-15 20:30:00,7280.4,7244.9,7319.0,7244.9,1595.11773134
2017-11-15 20:15:00,7196.1,7280.3,7290.0,7196.1,1287.94775941
2017-11-15 20:00:00,7195.8,7196.1,7220.0,7162.7,337.56849447
2017-11-15 19:45:00,7205.7,7195.9,7238.6,7179.4,635.8290872
2017-11-15 19:30:00,7175.7,7218.9,7220.0,7161.3,483.64702449
2017-11-15 19:15:00,7156.6,7175.7,7184.0,7155.5,524.99161335
2017-11-15 19:00:00,7116.2,7158.2,7164.92813387,7090.0,701.72467298
2017-11-15 18:45:00,7114.7,7116.8,7126.7,7059.0,1016.65733582
2017-11-15 18:30:00,7142.7,7114.6,7149.3,7086.1,514.03858248
2017-11-15 18:15:00,7147.1,7138.7,7156.0,7130.0,178.55310018
2017-11-15 18:00:00,7162.1,7147.0,7171.6,7130.2,295.71105956
2017-11-15 17:45:00,7159.9,7162.1,7172.6,7130.0,374.64226248
2017-11-15 17:30:00,7149.0,7162.5,7184.0,7148.9,314.62906111
2017-11-15 17:15:00,7143.5,7148.9,7173.7,7119.8,273.22702261
2017-11-15 17:00:00,7144.0,7143.4,7195.3,7132.5,841.13190854
2017-11-15 16:45:00,7089.2,7144.0,7144.0,7066.5,1091.93041964
2017-11-15 16:30:00,7161.1,7089.2,7162.0,7085.2,1029.22182183
2017-11-15 16:15:00,7209.0,7159.9,7209.2,7108.7,1138.48177199
2017-11-15 16:00:00,7229.0,7209.5,7229.0,7177.2,940.90085666
2017-11-15 15:45:00,7209.9,7229.0,7230.0,7201.4,736.63000067
2017-11-15 15:30:00,7185.0,7209.9,7217.0,7178.6,941.56328283
2017-11-15 15:15:00,7204.1,7183.9,7204.5,7151.0,820.70985239
2017-11-15 15:00:00,7095.1,7204.1,7233.3,7095.1,2481.31485237
2017-11-15 14:45:00,7088.1,7095.1,7127.0,7077.7,606.44448315
2017-11-15 14:30:00,7145.0,7088.1,7147.1,7077.8,1068.06403607
2017-11-15 14:15:00,7131.5,7145.5,7145.5,7101.8,984.78993234
2017-11-15 14:00:00,7056.6,7131.5,7131.5,7051.0,660.26458475
2017-11-15 13:45:00,7053.8,7058.0,7100.9,7038.1,974.02560937
2017-11-15 13:30:00,7062.8,7053.9,7071.0,7018.0,999.38609579
2017-11-15 13:15:00,7057.6,7060.1,7100.0,7056.0,585.49231709
2017-11-15 13:00:00,7133.3,7056.0,7139.4,7056.0,1529.26515893
2017-11-15 12:45:00,7077.0,7133.3,7149.9,7062.5,1760.73116424
2017-11-15 12:30:00,7035.4,7078.9,7079.6,7035.4,545.53570571
2017-11-15 12:15:00,7086.1,7036.0,7086.1,7014.1,1120.28280259
2017-11-15 12:00:00,6998.9,7086.1,7090.0,6998.9,3201.80345746
2017-11-15 11:45:00,6978.0,6998.9,6998.9,6951.8,1020.74838963
2017-11-15 11:30:00,6948.0,6978.0,6978.0,6916.3,1325.69218245
2017-11-15 11:15:00,6918.7,6948.0,6948.0,6918.7,1235.47487157
2017-11-15 11:00:00,6898.8,6918.6,6921.8,6898.7,425.966999
2017-11-15 10:45:00,6899.0,6898.9,6900.0,6880.2,234.64052104
2017-11-15 10:30:00,6861.9,6899.1,6900.0,6861.8,329.66899455
2017-11-15 10:15:00,6865.6,6858.7,6877.0,6849.9,276.43752896
2017-11-15 10:00:00,6825.4,6865.6,6879.2,6805.6,739.36763888
2017-11-15 09:45:00,6914.9,6827.0,6919.0,6811.5,912.7098939
2017-11-15 09:30:00,6920.0,6914.7,6925.0,6894.4,496.82530772
2017-11-15 09:15:00,6904.2,6920.0,6920.0,6896.5,706.19291414
2017-11-15 09:00:00,6881.3,6904.3,6915.0,6881.2,824.55304658
2017-11-15 08:45:00,6869.9,6881.2,6885.1,6869.8,210.74776118
2017-11-15 08:30:00,6874.8,6869.9,6874.9,6854.6,326.89798028
2017-11-15 08:15:00,6888.0,6874.9,6890.0,6867.0,233.16551721
2017-11-15 08:00:00,6851.6,6890.0,6890.0,6849.7,224.2622557
2017-11-15 07:45:00,6871.6,6851.5,6879.8,6847.3,335.5793105
2017-11-15 07:30:00,6899.1,6870.0,6913.0,6849.1,993.33146565
2017-11-15 07:15:00,6865.0,6899.1,6900.0,6855.3,433.29806042
2017-11-15 07:00:00,6826.3,6865.1,6875.0,6825.0,621.02232205
2017-11-15 06:45:00,6829.3,6826.3,6834.1,6812.2,221.49129638
2017-11-15 06:30:00,6813.5,6829.3,6839.0,6813.5,312.36243639
2017-11-15 06:15:00,6799.8,6813.4,6819.8,6786.5,153.07704739
2017-11-15 06:00:00,6788.8,6799.9,6800.0,6783.8,382.86704376
2017-11-15 05:45:00,6821.5,6790.5,6821.5,6784.8,420.62836379
2017-11-15 05:30:00,6842.0,6821.5,6842.0,6820.6,117.81803901
2017-11-15 05:15:00,6811.3,6842.1,6846.9,6810.0,339.05453346
2017-11-15 05:00:00,6814.6,6811.4,6824.9,6780.0,232.08088515
2017-11-15 04:45:00,6791.2,6811.7,6820.0,6791.2,191.91055773
2017-11-15 04:30:00,6750.7,6791.2,6808.5,6747.9,459.10492264
2017-11-15 04:15:00,6812.6,6750.8,6812.6,6741.5,447.12856883
2017-11-15 04:00:00,6830.3,6812.6,6833.4,6789.0,318.80444722
2017-11-15 03:45:00,6808.5,6830.3,6845.8,6803.0,241.62034187
2017-11-15 03:30:00,6789.9,6808.6,6819.0,6789.9,298.14106619
2017-11-15 03:15:00,6787.5,6790.0,6830.4,6778.1,819.67762642
2017-11-15 03:00:00,6859.8,6787.5,6870.0,6771.9,1490.63832023
2017-11-15 02:45:00,6863.0,6859.7,6898.0,6834.8,1353.35241316
2017-11-15 02:30:00,6819.9,6863.0,6878.0,6811.1,1075.88524023
2017-11-15 02:15:00,6778.3,6819.9,6878.6,6777.0,2961.60930653
2017-11-15 02:00:00,6749.0,6778.9,6780.0,6730.9,1002.23539079
2017-11-15 01:45:00,6748.6,6749.0,6758.4,6745.3,391.10847529
2017-11-15 01:30:00,6743.9,6748.8,6756.1,6729.0,752.70964158
2017-11-15 01:15:00,6746.0,6744.0,6756.2,6744.0,957.3217542
2017-11-15 01:00:00,6714.6,6745.9,6746.0,6714.3,633.95343368
2017-11-15 00:45:00,6723.6,6714.4,6734.6,6701.1,462.62997015
2017-11-15 00:30:00,6666.5,6723.7,6742.8,6666.0,2908.21175863
2017-11-15 00:15:00,6640.9,6666.5,6676.0,6638.1,584.71660314
2017-11-15 00:00:00,6590.0,6643.7,6680.0,6589.9,1886.63067273
2017-11-14 23:45:00,6579.9,6590.0,6590.0,6570.4,162.80683187
2017-11-14 23:30:00,6549.6,6579.9,6580.0,6549.6,384.59429198
2017-11-14 23:15:00,6529.1,6549.8,6554.1,6523.4,247.66240566
2017-11-14 23:00:00,6558.6,6529.0,6560.0,6511.3,337.63956868
2017-11-14 22:45:00,6525.5,6558.5,6561.1,6521.6,325.14203897
2017-11-14 22:30:00,6587.6,6525.4,6596.9,6517.3,562.25084931
2017-11-14 22:15:00,6592.0,6587.6,6600.0,6578.3,424.06877673
2017-11-14 22:00:00,6577.0,6592.0,6595.0,6560.7,229.2330081
2017-11-14 21:45:00,6563.8,6577.0,6588.9,6562.1,329.90671503
2017-11-14 21:30:00,6572.7,6564.5,6578.5,6550.0,417.00429166
2017-11-14 21:15:00,6592.9,6570.0,6608.8,6570.0,239.32207708
2017-11-14 21:00:00,6598.0,6591.6,6605.0,6570.1,302.26318453
2017-11-14 20:45:00,6600.0,6598.0,6620.1,6593.0,380.07407761
2017-11-14 20:30:00,6614.6,6599.9,6628.0,6586.3,520.87815805
2017-11-14 20:15:00,6610.0,6614.7,6635.0,6581.0,656.85396409
2017-11-14 20:00:00,6593.3,6610.0,6610.1,6555.6,680.53040656
2017-11-14 19:45:00,6535.0,6594.0,6598.0,6532.5,783.43701175
2017-11-14 19:30:00,6542.4,6535.7,6567.4,6521.4,498.12762247
2017-11-14 19:15:00,6535.7,6547.1,6548.9,6510.0,340.72907902
2017-11-14 19:00:00,6496.5,6535.7,6544.9,6495.9,792.79255279
2017-11-14 18:45:00,6487.4,6495.5,6510.5,6471.0,340.46381884
2017-11-14 18:30:00,6500.0,6487.4,6530.0,6471.0,602.41629638
2017-11-14 18:15:00,6539.9,6499.9,6558.1,6493.1,587.7182761
2017-11-14 18:00:00,6500.0,6539.9,6540.0,6499.9,444.52534117
2017-11-14 17:45:00,6529.9,6500.0,6530.0,6480.7,641.47232227
2017-11-14 17:30:00,6539.0,6529.9,6553.0,6524.0,501.74632248
2017-11-14 17:15:00,6522.3,6539.0,6559.8,6522.3,738.95414301
2017-11-14 17:00:00,6500.0,6522.4,6527.8,6499.9,266.79077541
2017-11-14 16:45:00,6515.1,6502.6,6533.3,6481.3,554.49307575
2017-11-14 16:30:00,6443.0,6516.0,6520.2,6442.9,984.16274044
2017-11-14 16:15:00,6431.3,6442.9,6455.9,6429.9,400.35810843
2017-11-14 16:00:00,6456.0,6431.2,6456.0,6399.1,740.87137319
2017-11-14 15:45:00,6459.9,6455.9,6460.0,6434.5,356.50798906
2017-11-14 15:30:00,6475.0,6459.9,6482.8,6456.5,594.06230545
2017-11-14 15:15:00,6476.3,6475.1,6482.0,6447.1,477.94197571
2017-11-14 15:00:00,6477.1,6482.2,6497.9,6457.2,523.06991864
2017-11-14 14:45:00,6444.9,6477.2,6477.2,6444.9,360.3918492
2017-11-14 14:30:00,6447.1,6444.7,6459.0,6430.4,727.26260464
2017-11-14 14:15:00,6434.4,6447.1,6449.0,6425.0,506.15490747
2017-11-14 14:00:00,6383.2,6435.1,6440.6,6381.0,636.83510966
2017-11-14 13:45:00,6376.4,6384.1,6387.6,6347.8,373.51145021
2017-11-14 13:30:00,6349.8,6376.4,6398.6,6349.7,411.82918857
2017-11-14 13:15:00,6394.9,6349.8,6400.0,6342.8,694.05302009
2017-11-14 13:00:00,6407.3,6394.8,6420.2,6375.0,519.22127799
2017-11-14 12:45:00,6388.8,6407.3,6450.0,6388.8,642.45106197
2017-11-14 12:30:00,6380.0,6393.1,6418.4,6355.1,521.02440786
2017-11-14 12:15:00,6303.8,6380.1,6411.7,6301.0,1539.47411445
2017-11-14 12:00:00,6414.9,6301.0,6417.0,6301.0,1917.07865182
2017-11-14 11:45:00,6451.9,6414.8,6454.1,6400.1,592.34976362
2017-11-14 11:30:00,6462.0,6451.7,6480.0,6412.0,702.05800727
2017-11-14 11:15:00,6519.1,6461.9,6519.6,6453.4,544.56303853
2017-11-14 11:00:00,6541.0,6520.0,6541.0,6520.0,209.11104445
2017-11-14 10:45:00,6539.2,6541.4,6554.0,6532.6,261.36641188
2017-11-14 10:30:00,6502.7,6539.2,6545.5,6497.7,333.02543806
2017-11-14 10:15:00,6551.0,6502.8,6556.0,6500.4,386.75257852
2017-11-14 10:00:00,6534.6,6555.4,6578.0,6532.3,513.92588537
2017-11-14 09:45:00,6494.0,6538.4,6538.4,6482.7,282.8853254
2017-11-14 09:30:00,6496.0,6492.0,6517.0,6476.0,156.6035903
2017-11-14 09:15:00,6503.6,6496.0,6509.9,6471.2,154.39997554
2017-11-14 09:00:00,6456.2,6503.5,6515.9,6455.0,237.19812146
2017-11-14 08:45:00,6420.0,6456.2,6467.3,6417.0,337.75478214
2017-11-14 08:30:00,6468.2,6420.0,6489.5,6417.0,667.24994156
2017-11-14 08:15:00,6543.4,6468.2,6554.3,6458.5,508.03420824
2017-11-14 08:00:00,6560.1,6543.6,6568.5,6538.0,301.17088032
2017-11-14 07:45:00,6537.1,6560.1,6564.0,6520.0,383.24876175
2017-11-14 07:30:00,6558.9,6537.0,6574.89608669,6536.0,281.95420409
2017-11-14 07:15:00,6560.9,6558.9,6570.8,6552.9,219.33778557
2017-11-14 07:00:00,6548.1,6560.1,6568.0,6517.4,185.86704902
2017-11-14 06:45:00,6546.7,6548.0,6569.9,6540.3,191.43772449
2017-11-14 06:30:00,6583.5,6546.6,6583.5,6536.3,310.42520578
2017-11-14 06:15:00,6574.7,6581.4,6592.5,6566.6,286.81432775
2017-11-14 06:00:00,6526.8,6574.8,6596.3,6525.0,467.66305772
2017-11-14 05:45:00,6526.1,6525.3,6534.0,6504.0,318.56277738
2017-11-14 05:30:00,6530.0,6525.5,6559.0,6516.2,226.66360418
2017-11-14 05:15:00,6567.3,6530.0,6573.5,6480.1,672.04889319
2017-11-14 05:00:00,6585.1,6559.0,6591.5,6501.1,531.67546361
2017-11-14 04:45:00,6606.5,6584.8,6625.8,6582.0,231.73792804
2017-11-14 04:30:00,6580.0,6608.2,6639.8,6574.9,419.51466629
2017-11-14 04:15:00,6580.0,6580.0,6590.7,6547.7,296.81335529
2017-11-14 04:00:00,6596.9,6580.0,6611.0,6531.0,1063.16397049
2017-11-14 03:45:00,6675.0,6596.7,6689.5,6574.7,869.7933982
2017-11-14 03:30:00,6650.0,6674.9,6675.0,6643.8,687.78613525
2017-11-14 03:15:00,6640.7,6649.9,6650.0,6636.4,364.1872405
2017-11-14 03:00:00,6612.8,6643.0,6650.0,6610.9,602.48339224
2017-11-14 02:45:00,6635.1,6612.9,6638.0,6600.0,511.07018747
2017-11-14 02:30:00,6619.9,6635.6,6640.0,6603.3,524.11415942
2017-11-14 02:15:00,6563.1,6619.9,6629.0,6555.3,539.32684833
2017-11-14 02:00:00,6583.8,6568.3,6600.0,6535.3,521.98639208
2017-11-14 01:45:00,6610.9,6583.9,6633.8,6550.1,695.19431012
2017-11-14 01:30:00,6644.3,6610.8,6649.0,6607.1,608.89235768
2017-11-14 01:15:00,6573.3,6644.5,6647.6,6567.7,685.26451821
2017-11-14 01:00:00,6600.0,6574.0,6629.9,6532.0,1276.98659627
2017-11-14 00:45:00,6579.7,6600.0,6600.0,6573.0,624.758213
2017-11-14 00:30:00,6539.1,6579.6,6590.0,6537.5,1053.65713707
2017-11-14 00:15:00,6525.1,6544.5,6547.3,6503.7,525.22758721
2017-11-14 00:00:00,6476.6,6525.0,6542.1,6475.3,896.49471192
2017-11-13 23:45:00,6481.6,6476.5,6481.6,6444.8,304.63001313
2017-11-13 23:30:00,6512.6,6479.2,6517.2,6427.7,908.63554718
2017-11-13 23:15:00,6392.0,6512.3,6516.3,6392.0,1153.12522419
2017-11-13 23:00:00,6400.0,6393.8,6414.4,6380.0,377.19808236
2017-11-13 22:45:00,6399.0,6400.0,6430.9,6382.2,396.05997554
2017-11-13 22:30:00,6417.1,6399.0,6423.5,6386.6,406.62895885
2017-11-13 22:15:00,6408.0,6417.4,6459.0,6390.0,888.19758092
2017-11-13 22:00:00,6389.7,6407.5,6440.2,6370.7,600.14622044
2017-11-13 21:45:00,6460.4,6390.0,6467.3,6376.0,674.59111771
2017-11-13 21:30:00,6432.2,6455.1,6484.0,6430.0,626.94815593
2017-11-13 21:15:00,6435.0,6432.2,6490.0,6410.0,887.47240966
2017-11-13 21:00:00,6328.9,6434.9,6514.0,6311.1,3199.72534069
2017-11-13 20:45:00,6307.9,6329.5,6355.7,6270.0,714.3062133
2017-11-13 20:30:00,6389.9,6307.9,6391.6,6232.4,1094.91504521
2017-11-13 20:15:00,6379.8,6389.9,6420.0,6349.0,649.6292747
2017-11-13 20:00:00,6337.6,6377.1,6429.9,6325.2,779.85472088
2017-11-13 19:45:00,6392.0,6341.0,6399.0,6322.0,548.29693933
2017-11-13 19:30:00,6380.2,6394.7,6400.0,6332.3,791.9227692
2017-11-13 19:15:00,6375.0,6380.2,6485.1,6365.3,2067.40949508
2017-11-13 19:00:00,6263.4,6375.0,6385.0,6201.0,1616.93773431
2017-11-13 18:45:00,6263.0,6263.3,6273.9,6224.1,1072.0309332
2017-11-13 18:30:00,6215.8,6263.1,6324.0,6215.0,1187.09604496
2017-11-13 18:15:00,6267.5,6220.4,6287.0,6185.2,2177.01374113
2017-11-13 18:00:00,6362.7,6264.1,6362.7,6253.7,1674.91074426
2017-11-13 17:45:00,6349.2,6357.0,6395.0,6349.0,426.41042023
2017-11-13 17:30:00,6371.0,6349.6,6416.5,6338.5,727.02085189
2017-11-13 17:15:00,6391.6,6371.1,6479.6,6352.1,1239.95022981
2017-11-13 17:00:00,6320.1,6390.4,6400.0,6315.0,959.04825209
2017-11-13 16:45:00,6446.0,6320.0,6446.0,6300.5,2236.29508303
2017-11-13 16:30:00,6445.1,6446.0,6470.0,6415.1,710.1728496
2017-11-13 16:15:00,6499.7,6445.1,6515.0,6420.5,836.54013715
2017-11-13 16:00:00,6584.2,6499.9,6590.0,6470.0,1064.62156803
2017-11-13 15:45:00,6525.0,6584.1,6596.9,6522.6,991.23676533
2017-11-13 15:30:00,6539.9,6525.0,6540.0,6488.4,752.27280157
2017-11-13 15:15:00,6470.0,6539.9,6544.0,6469.9,1335.61842715
2017-11-13 15:00:00,6423.7,6470.0,6470.0,6420.1,607.8522193
2017-11-13 14:45:00,6489.8,6420.0,6492.6,6410.3,820.27927548
2017-11-13 14:30:00,6390.0,6489.8,6510.0,6380.5,2302.15138152
2017-11-13 14:15:00,6459.9,6392.5,6459.9,6380.5,2480.94915435
2017-11-13 14:00:00,6533.4,6459.3,6564.1,6455.0,1759.77153147
2017-11-13 13:45:00,6609.9,6534.4,6610.0,6450.0,2343.2492095
2017-11-13 13:30:00,6661.9,6610.0,6661.9,6550.3,2271.64810582
2017-11-13 13:15:00,6571.4,6661.9,6682.0,6571.4,2767.69778139
2017-11-13 13:00:00,6598.0,6571.3,6626.0,6545.0,2331.02684987
2017-11-13 12:45:00,6495.9,6588.8,6599.0,6495.9,3146.38160166
2017-11-13 12:30:00,6441.6,6496.0,6497.0,6440.0,757.6298462
2017-11-13 12:15:00,6398.2,6441.3,6449.0,6397.0,564.534758
2017-11-13 12:00:00,6430.0,6399.0,6459.6,6397.9,987.19481408
2017-11-13 11:45:00,6473.1,6430.0,6497.0,6405.1,1325.42722373
2017-11-13 11:30:00,6424.4,6473.1,6487.0,6423.4,1033.23983332
2017-11-13 11:15:00,6449.0,6424.4,6474.0,6423.3,1213.56553343
2017-11-13 11:00:00,6394.9,6448.9,6449.0,6390.1,1465.14843032
2017-11-13 10:45:00,6373.9,6395.1,6397.0,6350.0,756.35649319
2017-11-13 10:30:00,6311.9,6374.0,6374.0,6311.9,522.2983803
2017-11-13 10:15:00,6382.4,6312.0,6382.9,6271.0,1036.52356805
2017-11-13 10:00:00,6350.0,6382.4,6399.0,6350.0,1043.72869038
2017-11-13 09:45:00,6298.0,6350.8,6391.0,6297.9,4652.39288975
2017-11-13 09:30:00,6263.1,6299.8,6300.0,6247.7,957.20673166
2017-11-13 09:15:00,6228.9,6263.1,6274.1,6225.2,242.48893308
2017-11-13 09:00:00,6197.4,6228.9,6255.0,6197.3,460.75095824
2017-11-13 08:45:00,6259.6,6197.3,6259.6,6196.5,589.60187908
2017-11-13 08:30:00,6232.2,6262.0,6300.0,6232.2,1144.37539983
2017-11-13 08:15:00,6210.0,6232.3,6238.9,6188.1,500.88354181
2017-11-13 08:00:00,6212.9,6210.0,6214.9,6170.0,467.55667679
2017-11-13 07:45:00,6196.1,6212.9,6224.9,6163.1,652.13549279
2017-11-13 07:30:00,6166.9,6196.1,6200.0,6150.4,424.00360737
2017-11-13 07:15:00,6238.1,6166.9,6245.9,6134.5,870.39550893
2017-11-13 07:00:00,6268.9,6236.2,6293.0,6193.2,1341.43616644
2017-11-13 06:45:00,6282.2,6269.2,6288.0,6202.2,832.99816342
2017-11-13 06:30:00,6216.9,6282.1,6287.9,6213.2,930.55473621
2017-11-13 06:15:00,6283.8,6217.0,6284.0,6178.7,869.63425914
2017-11-13 06:00:00,6209.6,6283.8,6284.0,6207.7,1004.45789608
2017-11-13 05:45:00,6159.9,6209.1,6237.0,6158.0,918.04232648
2017-11-13 05:30:00,6194.7,6160.0,6279.0,6135.0,1863.15702476
2017-11-13 05:15:00,6075.9,6210.6,6250.0,6070.6,3993.75168852
2017-11-13 05:00:00,6044.6,6086.2,6100.0,5975.5,1777.29499499
2017-11-13 04:45:00,5962.9,6043.3,6057.2,5962.9,1766.77135363
2017-11-13 04:30:00,6037.9,5963.8,6040.0,5955.4,811.30344668
2017-11-13 04:15:00,5972.8,6037.9,6038.8,5954.0,1301.97327114
2017-11-13 04:00:00,5962.6,5970.9,5989.7,5931.1,263.81778319
2017-11-13 03:45:00,5911.1,5962.5,5967.0,5910.0,282.27862417
2017-11-13 03:30:00,5995.0,5911.1,6000.0,5876.4,818.89371151
2017-11-13 03:15:00,6050.0,5995.0,6052.5,5957.3,1621.0718279
2017-11-13 03:00:00,5897.5,6050.0,6053.5,5897.0,1457.4349517
2017-11-13 02:45:00,5938.2,5898.7,5949.9,5880.2,962.9845752
2017-11-13 02:30:00,5870.7,5938.3,5940.6,5869.0,741.24548226
2017-11-13 02:15:00,5822.9,5882.5,5890.0,5815.0,299.14391526
2017-11-13 02:00:00,5845.2,5823.1,5870.0,5801.0,453.10736981
2017-11-13 01:45:00,5810.5,5844.7,5844.7,5780.0,743.69046276
2017-11-13 01:30:00,5853.0,5811.7,5881.1,5810.0,552.37831891
2017-11-13 01:15:00,5921.2,5857.4,5921.3,5816.5,937.70787079
2017-11-13 01:00:00,5983.7,5922.4,5984.7,5885.9,1045.94986073
2017-11-13 00:45:00,5918.3,5983.9,6012.1,5895.0,1019.51354051
2017-11-13 00:30:00,5850.4,5915.3,5950.0,5844.3,667.36730535
2017-11-13 00:15:00,5923.5,5844.4,5934.7,5820.7,928.06313836
2017-11-13 00:00:00,5810.0,5925.2,5955.5,5786.4,1662.28306005
2017-11-12 23:45:00,5832.0,5810.7,5874.5,5756.1,1457.18240535
2017-11-12 23:30:00,5657.6,5838.7,5888.0,5589.4,2552.8640002
2017-11-12 23:15:00,5688.5,5657.6,5695.6,5550.7,2214.13336086
2017-11-12 23:00:00,5644.0,5688.7,5720.1,5644.0,1116.92523621
2017-11-12 22:45:00,5681.1,5645.0,5694.6,5644.0,1846.22841062
2017-11-12 22:30:00,5795.9,5689.2,5795.9,5666.9,1758.53039102
2017-11-12 22:15:00,5740.0,5789.0,5802.5,5730.0,1507.12029478
2017-11-12 22:00:00,5880.3,5740.0,5880.3,5739.5,2219.81351058
2017-11-12 21:45:00,5883.6,5874.7,5898.4,5850.1,738.27378716
2017-11-12 21:30:00,5813.5,5889.8,5919.8,5813.0,1212.72303947
2017-11-12 21:15:00,5846.9,5814.9,5862.6,5800.1,1238.39165771
2017-11-12 21:00:00,5928.1,5846.9,5950.0,5822.0,2359.53887269
2017-11-12 20:45:00,6040.2,5928.1,6046.2,5902.0,1445.79600667
2017-11-12 20:30:00,6043.1,6041.9,6070.0,6011.4,443.15033174
2017-11-12 20:15:00,6041.1,6043.2,6049.4,6000.0,589.88781295
2017-11-12 20:00:00,6052.9,6040.7,6095.1,6020.0,635.65851523
2017-11-12 19:45:00,6015.6,6051.9,6053.2,5977.1,952.81146473
2017-11-12 19:30:00,6100.9,6011.3,6101.0,5941.0,2818.03152302
2017-11-12 19:15:00,6151.0,6100.1,6152.7,6100.1,571.54657172
2017-11-12 19:00:00,6136.2,6151.0,6160.0,6127.6,654.09139909
2017-11-12 18:45:00,6111.1,6135.9,6197.0,6099.0,2120.57560393
2017-11-12 18:30:00,6091.8,6109.6,6111.6,6079.0,592.1653943
2017-11-12 18:15:00,6076.3,6091.9,6128.0,6070.0,733.99238745
2017-11-12 18:00:00,6062.6,6073.1,6090.2,6043.0,794.46263528
2017-11-12 17:45:00,6105.9,6057.0,6110.0,6037.1,778.57323813
2017-11-12 17:30:00,6131.1,6102.7,6139.0,6075.2,778.20510638
2017-11-12 17:15:00,6100.0,6122.9,6136.37793873,6065.0,1151.59390056
2017-11-12 17:00:00,6094.9,6099.9,6128.7,6075.0,950.12131849
2017-11-12 16:45:00,6132.7,6094.9,6158.0,6065.9,825.4483994
2017-11-12 16:30:00,6183.8,6132.4,6186.1,6116.0,811.84510322
2017-11-12 16:15:00,6160.2,6182.0,6190.2,6101.1,1072.32344419
2017-11-12 16:00:00,6189.0,6159.9,6220.0,6140.0,1189.2067462
2017-11-12 15:45:00,6295.3,6188.8,6299.1,6156.0,1199.47956221
2017-11-12 15:30:00,6146.3,6295.2,6300.0,6142.8,1719.3494403
2017-11-12 15:15:00,6170.3,6146.4,6178.4,6114.2,865.70186409
2017-11-12 15:00:00,6053.7,6173.3,6180.0,6049.8,1243.74752733
2017-11-12 14:45:00,6126.7,6050.0,6134.6,6033.1,1188.57922213
2017-11-12 14:30:00,6110.1,6126.1,6177.7,6107.0,894.40419988
2017-11-12 14:15:00,6125.4,6110.6,6180.0,6101.9,1029.47100878
2017-11-12 14:00:00,6139.1,6121.4,6199.0,6092.3,1353.60622884
2017-11-12 13:45:00,6020.0,6136.72758989,6175.0,6015.0,1405.18017873
2017-11-12 13:30:00,6003.0,6020.0,6147.0,6001.0,1519.10502227
2017-11-12 13:15:00,5993.0,6004.2,6065.2,5921.0,2169.07592154
2017-11-12 13:00:00,6134.9,5997.7,6170.0,5986.0,2628.7909358
2017-11-12 12:45:00,6180.0,6134.9,6230.1,6130.5,1519.69159169
2017-11-12 12:30:00,6291.6,6179.9,6304.9,6151.6,1495.46379775
2017-11-12 12:15:00,6227.2,6291.6,6315.0,6205.0,1115.14149887
2017-11-12 12:00:00,6325.5,6227.2,6337.9,6180.0,1670.73869619
2017-11-12 11:45:00,6290.7,6325.5,6344.8,6251.5,1123.80960857
2017-11-12 11:30:00,6417.0,6290.6,6420.0,6264.0,1718.21231291
2017-11-12 11:15:00,6413.7,6411.3,6469.6,6309.1,2450.62749122
2017-11-12 11:00:00,6324.7,6421.6,6421.6,6281.0,2231.85545455
2017-11-12 10:45:00,6238.9,6322.0,6369.94491668,6232.8,1946.54962685
2017-11-12 10:30:00,6207.6,6239.2,6249.9,6166.1,1224.43743354
2017-11-12 10:15:00,6182.2,6208.0,6238.9,6138.1,1208.70330383
2017-11-12 10:00:00,6175.0,6175.2,6230.0,6078.5,1616.11334257
2017-11-12 09:45:00,6072.9,6175.0,6249.9,6072.9,2027.89106656
2017-11-12 09:30:00,6038.0,6075.4,6121.3,5932.0,1803.96461071
2017-11-12 09:15:00,6003.3,6038.0,6047.6,5886.7,2896.89473354
2017-11-12 09:00:00,6120.0,6003.3,6122.9,6000.0,1482.04879152
2017-11-12 08:45:00,6152.7,6109.5,6152.7,6013.0,2091.93415128
2017-11-12 08:30:00,6259.0,6142.1,6311.3,6107.3,2076.29006769
2017-11-12 08:15:00,6259.3,6259.0,6396.0,6180.1,4137.31377581
2017-11-12 08:00:00,6124.9,6250.1,6270.0,6086.0,3315.95798282
2017-11-12 07:45:00,5949.9,6124.8,6207.0,5949.9,7261.87204179
2017-11-12 07:30:00,6050.5,5946.7,6057.3,5869.4,2848.48307046
2017-11-12 07:15:00,5895.0,6050.8,6168.7,5835.5,7650.72236049
2017-11-12 07:00:00,5645.4,5881.7,5999.0,5638.0,7628.05401808
2017-11-12 06:45:00,5650.1,5645.1,5660.4,5400.2,5720.73504406
2017-11-12 06:30:00,5705.6,5650.1,5762.0,5588.0,4520.18713492
2017-11-12 06:15:00,5611.7,5705.6,5736.7,5611.6,1858.53723512
2017-11-12 06:00:00,5796.2,5611.7,5804.6,5601.0,2310.16088618
2017-11-12 05:45:00,5709.8,5797.0,5840.0,5652.0,2638.83093738
2017-11-12 05:30:00,5821.7,5705.5,5821.7,5652.0,3648.39569666
2017-11-12 05:15:00,5884.7,5821.7,5888.5,5730.1,4345.34161182
2017-11-12 05:00:00,5961.2,5884.8,5982.2,5860.0,2964.59085676
2017-11-12 04:45:00,6075.5,5960.0,6080.0,5955.0,3547.92645799
2017-11-12 04:30:00,6061.3,6075.6,6129.8,6050.0,811.51769423
2017-11-12 04:15:00,6091.3,6061.2,6091.4,6025.0,730.63702768
2017-11-12 04:00:00,6052.5,6088.7,6154.5,6050.3,1463.70805172
2017-11-12 03:45:00,6135.9,6052.3,6145.7,6050.0,928.53812943
2017-11-12 03:30:00,6076.0,6135.7,6146.4,6030.0,2554.86858043
2017-11-12 03:15:00,6146.0,6076.0,6151.0,6075.0,2732.26204846
2017-11-12 03:00:00,6140.7,6146.0,6166.1,6135.5,1039.34899443
2017-11-12 02:45:00,6217.3,6140.7,6217.8,6140.7,625.56477186
2017-11-12 02:30:00,6161.8,6211.5,6291.5,6150.1,1092.86590722
2017-11-12 02:15:00,6140.0,6167.1,6185.5,6125.0,1243.01826929
2017-11-12 02:00:00,6154.4,6145.0,6179.9,6134.5,1036.09560593
2017-11-12 01:45:00,6224.1,6153.7,6224.1,6153.0,1235.22907238
2017-11-12 01:30:00,6229.9,6224.1,6264.8,6224.0,437.19369126
2017-11-12 01:15:00,6190.5,6230.0,6280.5,6190.5,927.18551573
2017-11-12 01:00:00,6190.6,6195.7,6213.0,6177.9,504.54786636
2017-11-12 00:45:00,6227.6,6190.6,6229.9,6181.0,676.08336945
2017-11-12 00:30:00,6260.8,6225.3,6265.6,6223.5,406.3739757
2017-11-12 00:15:00,6284.9,6255.9,6309.5,6255.9,343.24434618
2017-11-12 00:00:00,6299.0,6284.9,6299.8,6235.8,479.00847071
2017-11-11 23:45:00,6300.2,6302.7,6325.8,6299.1,244.05442109
2017-11-11 23:30:00,6280.4,6300.1,6337.4,6280.1,420.48484865
2017-11-11 23:15:00,6268.4,6280.4,6332.3,6259.0,658.49271813
2017-11-11 23:00:00,6282.0,6265.2,6307.6,6230.6,1107.26231829
2017-11-11 22:45:00,6319.4,6282.1,6360.0,6276.8,909.00926166
2017-11-11 22:30:00,6397.0,6318.9,6429.3,6318.9,1085.85053598
2017-11-11 22:15:00,6397.2,6397.0,6409.2,6386.0,397.31427522
2017-11-11 22:00:00,6465.1,6397.1,6465.1,6386.0,554.86728828
2017-11-11 21:45:00,6480.1,6465.0,6480.2,6440.7,364.07583268
2017-11-11 21:30:00,6406.4,6480.1,6489.9,6390.2,653.83844321
2017-11-11 21:15:00,6383.0,6406.3,6417.0,6360.0,801.28353308
2017-11-11 21:00:00,6426.3,6383.7,6453.6,6351.0,1512.2105801
2017-11-11 20:45:00,6277.5,6426.3,6430.0,6272.0,1833.13910889
2017-11-11 20:30:00,6274.2,6277.5,6296.5,6260.5,502.48284613
2017-11-11 20:15:00,6286.1,6274.2,6304.5,6252.0,551.01284678
2017-11-11 20:00:00,6336.7,6286.1,6336.7,6286.0,714.42039554
2017-11-11 19:45:00,6309.9,6336.7,6356.2,6269.7,1143.67426871
2017-11-11 19:30:00,6360.1,6309.8,6370.0,6309.6,850.93884044
2017-11-11 19:15:00,6319.4,6360.5,6370.3,6295.7,1164.96923464
2017-11-11 19:00:00,6199.8,6312.9,6386.0,6163.2,2554.46951565
2017-11-11 18:45:00,6188.8,6200.0,6240.0,6187.7,1163.12517604
2017-11-11 18:30:00,6281.4,6189.5,6291.5,6186.0,1508.88136564
2017-11-11 18:15:00,6323.1,6281.4,6357.7,6258.3,1208.15232183
2017-11-11 18:00:00,6330.0,6323.2,6336.3,6310.1,350.82722133
2017-11-11 17:45:00,6321.0,6330.0,6353.7,6313.0,492.62655876
2017-11-11 17:30:00,6330.8,6321.3,6347.1,6298.0,778.56701372
2017-11-11 17:15:00,6363.0,6330.8,6368.6,6330.5,664.03080595
2017-11-11 17:00:00,6364.0,6363.7,6372.6,6319.4,717.68863986
2017-11-11 16:45:00,6422.9,6364.0,6469.0,6363.9,867.93859111
2017-11-11 16:30:00,6390.6,6422.9,6429.0,6380.0,431.34585848
2017-11-11 16:15:00,6390.6,6391.1,6445.0,6350.0,1240.94960846
2017-11-11 16:00:00,6305.6,6390.6,6400.8,6281.6,886.56769117
2017-11-11 15:45:00,6304.6,6305.6,6319.9,6270.1,1209.84077642
2017-11-11 15:30:00,6380.0,6304.5,6386.5,6303.0,583.09342372
2017-11-11 15:15:00,6320.9,6383.6,6385.2,6315.0,908.24876234
2017-11-11 15:00:00,6383.3,6323.5,6383.7,6301.0,965.69415069
2017-11-11 14:45:00,6414.7,6383.7,6433.7,6368.5,680.52742872
2017-11-11 14:30:00,6389.2,6411.5,6450.0,6381.9,779.13155897
2017-11-11 14:15:00,6451.8,6386.9,6474.72371567,6355.2,1203.48745801
2017-11-11 14:00:00,6420.2,6458.1,6515.0,6420.1,1124.65661034
2017-11-11 13:45:00,6382.4,6420.1,6510.0,6360.8,1688.69908765
2017-11-11 13:30:00,6267.9,6387.0,6415.0,6250.0,1942.85666142
2017-11-11 13:15:00,6280.0,6267.7,6312.0,6230.0,1859.95136074
2017-11-11 13:00:00,6338.0,6280.0,6341.5,6255.0,1567.73707691
2017-11-11 12:45:00,6331.7,6338.0,6389.2,6312.9,1026.96716211
2017-11-11 12:30:00,6420.9,6331.8,6430.0,6327.1,1289.02607678
2017-11-11 12:15:00,6333.8,6420.9,6420.9,6258.0,2074.10558267
2017-11-11 12:00:00,6434.0,6333.1,6434.1,6290.0,3640.33122943
2017-11-11 11:45:00,6506.1,6434.1,6524.6,6434.0,1358.65926834
2017-11-11 11:30:00,6500.3,6506.0,6550.1,6495.0,509.92404066
2017-11-11 11:15:00,6516.7,6500.0,6544.0,6480.0,1154.80707128
2017-11-11 11:00:00,6505.0,6516.8,6559.0,6505.0,550.67701722
2017-11-11 10:45:00,6601.0,6505.0,6601.0,6501.0,1079.4525537
2017-11-11 10:30:00,6632.0,6600.9,6640.9,6596.0,431.03304259
2017-11-11 10:15:00,6658.3,6631.0,6680.2,6631.0,308.03387008
2017-11-11 10:00:00,6642.8,6658.2,6679.9,6640.3,172.33618628
2017-11-11 09:45:00,6675.0,6642.9,6690.0,6642.5,236.1381862
2017-11-11 09:30:00,6662.9,6675.0,6707.5,6660.0,304.49958302
2017-11-11 09:15:00,6637.5,6662.9,6666.4,6630.1,363.54830463
2017-11-11 09:00:00,6708.1,6637.7,6713.0,6636.5,307.83142095
2017-11-11 08:45:00,6679.0,6708.4,6725.0,6677.0,650.8144736
2017-11-11 08:30:00,6653.3,6679.0,6695.0,6653.1,260.75816523
2017-11-11 08:15:00,6663.0,6653.6,6663.8,6645.2,99.13501222
2017-11-11 08:00:00,6593.1,6663.1,6666.6,6593.1,276.92390656
2017-11-11 07:45:00,6586.1,6593.1,6628.7,6582.2,443.94090353
2017-11-11 07:30:00,6602.2,6586.1,6621.4,6517.3,1043.09744852
2017-11-11 07:15:00,6663.7,6603.7,6666.0,6600.0,474.75266913
2017-11-11 07:00:00,6679.9,6666.0,6680.0,6644.4,182.98004299
2017-11-11 06:45:00,6671.0,6678.9,6681.6,6652.3,90.04356459
2017-11-11 06:30:00,6640.1,6671.0,6677.0,6638.2,103.01714653
2017-11-11 06:15:00,6677.2,6640.0,6681.6,6640.0,209.40690802
2017-11-11 06:00:00,6630.0,6677.2,6679.9,6630.0,252.49926397
2017-11-11 05:45:00,6656.0,6629.9,6665.7,6610.5,302.25402518
2017-11-11 05:30:00,6649.9,6656.0,6668.3,6635.8,426.91578076
2017-11-11 05:15:00,6727.6,6633.2,6740.0,6632.2,695.60363166
2017-11-11 05:00:00,6757.3,6725.6,6757.3,6703.9,349.8051827
2017-11-11 04:45:00,6748.3,6757.3,6760.0,6742.4,176.99587847
2017-11-11 04:30:00,6745.0,6746.8,6750.1,6720.3,195.42622016
2017-11-11 04:15:00,6701.7,6745.6,6745.6,6701.6,376.42248911
2017-11-11 04:00:00,6733.6,6701.7,6733.6,6700.0,239.90577297
2017-11-11 03:45:00,6732.1,6733.5,6742.5,6716.1,228.61930817
2017-11-11 03:30:00,6685.1,6732.9,6741.2,6680.1,445.22106964
2017-11-11 03:15:00,6710.9,6685.2,6711.0,6683.1,388.88284938
2017-11-11 03:00:00,6738.0,6710.0,6744.6,6704.6,319.53838594
2017-11-11 02:45:00,6743.9,6738.0,6750.0,6728.1,180.4952148
2017-11-11 02:30:00,6707.3,6743.9,6744.5,6691.2,335.04942993
2017-11-11 02:15:00,6768.8,6707.3,6769.9,6671.5,650.85179531
2017-11-11 02:00:00,6786.7,6768.8,6787.0,6720.0,641.10753776
2017-11-11 01:45:00,6763.8,6783.0,6789.0,6743.5,921.01949056
2017-11-11 01:30:00,6687.9,6764.0,6764.0,6687.9,645.20570533
2017-11-11 01:15:00,6705.3,6687.9,6712.0,6672.6,323.04912562
2017-11-11 01:00:00,6717.0,6697.8,6755.0,6697.0,858.97838129
2017-11-11 00:45:00,6610.8,6713.8,6717.0,6607.0,842.24911595
2017-11-11 00:30:00,6562.8,6611.1,6627.3,6562.7,475.33926784
2017-11-11 00:15:00,6645.2,6564.4,6648.1,6558.0,471.2980987
2017-11-11 00:00:00,6545.0,6640.4,6660.2,6523.2,607.83577048
2017-11-10 23:45:00,6563.6,6541.2,6577.8,6524.9,577.13099675
2017-11-10 23:30:00,6626.9,6563.5,6629.9,6557.0,596.35742444
2017-11-10 23:15:00,6562.8,6627.2,6627.2,6557.1,567.33291729
2017-11-10 23:00:00,6690.0,6562.7,6690.0,6553.0,795.39191128
2017-11-10 22:45:00,6658.3,6690.3,6699.0,6633.0,644.10630562
2017-11-10 22:30:00,6714.2,6658.3,6718.8,6628.8,885.06485761
2017-11-10 22:15:00,6648.5,6714.3,6715.0,6644.9,1294.7229434
2017-11-10 22:00:00,6559.1,6648.4,6670.0,6555.0,1262.86624963
2017-11-10 21:45:00,6575.0,6559.0,6579.9,6520.4,813.22081358
2017-11-10 21:30:00,6564.2,6576.1,6624.0,6551.0,1203.28411418
2017-11-10 21:15:00,6518.4,6564.1,6589.9,6490.1,881.18643994
2017-11-10 21:00:00,6430.3,6516.0,6545.0,6430.1,1665.48629229
2017-11-10 20:45:00,6428.5,6433.5,6476.0,6405.0,1837.18892326
2017-11-10 20:30:00,6498.7,6429.6,6511.2,6420.5,1602.82228096
2017-11-10 20:15:00,6506.4,6495.9,6526.9,6470.0,1151.42772603
2017-11-10 20:00:00,6562.1,6506.4,6562.1,6506.4,731.06696406
2017-11-10 19:45:00,6500.0,6563.1,6599.0,6487.5,1132.11108065
2017-11-10 19:30:00,6583.9,6499.9,6590.0,6498.9,1071.92214451
2017-11-10 19:15:00,6596.5,6583.9,6600.0,6551.1,1238.74539554
2017-11-10 19:00:00,6459.7,6596.5,6596.6,6450.5,2939.47369869
2017-11-10 18:45:00,6530.7844524,6457.5,6563.1,6457.4,1984.29972874
2017-11-10 18:30:00,6512.2,6530.7844524,6581.8,6510.5,1523.60486015
2017-11-10 18:15:00,6567.4,6512.2,6617.7,6512.2,1838.94699376
2017-11-10 18:00:00,6716.0,6566.0,6716.1,6555.2,2418.94419509
2017-11-10 17:45:00,6735.0,6716.0,6752.5,6680.0,583.32864044
2017-11-10 17:30:00,6699.1,6735.0,6758.9,6684.0,716.73335502
2017-11-10 17:15:00,6730.9,6699.2,6734.6,6675.0,947.88678881
2017-11-10 17:00:00,6843.8,6731.0,6843.8,6624.0,3373.05280641
2017-11-10 16:45:00,6861.2,6843.8,6896.3,6836.6,555.22833041
2017-11-10 16:30:00,6867.0,6861.1,6899.0,6861.0,662.49768841
2017-11-10 16:15:00,6863.6,6867.0,6898.0,6859.2,1188.38010908
2017-11-10 16:00:00,6815.0,6863.7,6867.0,6814.9,1093.77243751
2017-11-10 15:45:00,6797.6,6814.9,6815.0,6785.0,685.59639203
2017-11-10 15:30:00,6762.7,6796.1,6811.5,6754.5,742.08014715
2017-11-10 15:15:00,6757.0,6762.7,6794.9,6750.0,548.08536211
2017-11-10 15:00:00,6715.1,6761.0,6776.4,6713.0,702.66610282
2017-11-10 14:45:00,6749.4,6719.0,6762.0,6713.4,623.29673059
2017-11-10 14:30:00,6786.1,6749.5,6820.0,6730.0,1143.92382035
2017-11-10 14:15:00,6768.8,6789.9,6800.0,6763.8,587.9878831
2017-11-10 14:00:00,6806.2,6768.8,6816.0,6750.2,554.77558877
2017-11-10 13:45:00,6716.0,6806.1,6816.0,6716.0,887.67327342
2017-11-10 13:30:00,6694.0,6717.2,6765.5,6691.1,888.37556847
2017-11-10 13:15:00,6819.2,6694.9,6829.9,6691.2,1224.2812537
2017-11-10 13:00:00,6729.0,6819.3,6819.3,6674.6,2475.78693314
2017-11-10 12:45:00,6823.3,6730.0,6827.0,6671.0,4920.6773156
2017-11-10 12:30:00,6866.7,6823.3,6875.8,6814.2,750.42577649
2017-11-10 12:15:00,6867.1,6875.0,6886.7,6830.1,799.59909887
2017-11-10 12:00:00,6842.0,6867.1,6921.0,6779.9,3032.40748567
2017-11-10 11:45:00,6861.1,6842.0,6938.0,6827.2,1899.04139364
2017-11-10 11:30:00,6855.6,6861.1,6887.0,6796.0,3497.57334295
2017-11-10 11:15:00,7035.6,6861.8,7035.6,6850.1,4025.16292873
2017-11-10 11:00:00,7081.0,7035.6,7081.5,7035.6,1069.09646257
2017-11-10 10:45:00,7069.0,7082.2,7085.0,7066.0,332.23622136
2017-11-10 10:30:00,7086.6,7068.9,7095.1,7060.0,355.01376613
2017-11-10 10:15:00,7088.1,7086.9,7112.7,7074.0,327.83990581
2017-11-10 10:00:00,7083.9,7087.9,7103.5,7062.7,553.82569174
2017-11-10 09:45:00,7116.0,7083.9,7123.1,7060.0,976.1636653
2017-11-10 09:30:00,7185.4,7113.2,7187.0,7111.0,603.71663436
2017-11-10 09:15:00,7187.8,7185.5,7190.0,7170.0,201.85138511
2017-11-10 09:00:00,7170.0,7187.5,7202.6,7169.9,424.13965459
2017-11-10 08:45:00,7169.2,7169.9,7171.0,7155.7,201.72256771
2017-11-10 08:30:00,7177.1,7166.9,7179.3,7157.2,149.29777643
2017-11-10 08:15:00,7149.7,7177.2,7183.9,7149.6,178.14482636
2017-11-10 08:00:00,7134.0,7149.6,7166.2,7132.1,262.4804737
2017-11-10 07:45:00,7161.1,7134.8,7162.0,7130.6,389.98261199
2017-11-10 07:30:00,7156.9,7160.0,7170.0,7156.1,238.51187789
