datetime,WIKI/AAPL,WIKI/GOOG,WIKI/MSFT,cash,commission,total,returns,equity_curve,drawdown
2016-10-10,0.0,0.0,0.0,100000.0,0.0,100000.0,,,
2016-10-10,0.0,0.0,0.0,100000.0,0.0,100000.0,0.0,1.0,0.0
2016-10-11,11630.0,78307.0,5719.0,3997.0,0.0,99653.0,-0.00347,0.99653,0.00347
2016-10-12,11734.0,78614.0,5711.0,3997.0,0.0,100056.0,0.00404403279379,1.00056,0.0
2016-10-13,11698.0,77819.0,5692.0,3997.0,0.0,99206.0,-0.00849524266411,0.99206,0.0085
2016-10-14,11763.0,77853.0,5742.0,3997.0,0.0,99355.0,0.00150192528678,0.99355,0.00701
2016-10-17,11755.0,77996.0,5722.0,3997.0,0.0,99470.0,0.00115746565346,0.9947,0.00586
2016-10-18,11747.0,79526.0,5766.0,3997.0,0.0,101036.0,0.0157434402332,1.01036,0.0
2016-10-19,11712.0,80156.0,5753.0,3997.0,0.0,101618.0,0.00576032305317,1.01618,0.0
2016-10-20,11706.0,79697.0,5725.0,3997.0,0.0,101125.0,-0.00485150268653,1.01125,0.00493
2016-10-21,11660.0,79937.0,5966.0,3997.0,0.0,101560.0,0.00430160692213,1.0156,0.00058
2016-10-24,11765.0,81311.0,6100.0,3997.0,0.0,103173.0,0.0158822371012,1.03173,0.0
2016-10-25,11825.0,80767.0,6099.0,3997.0,0.0,102688.0,-0.00470084227463,1.02688,0.00485
2016-10-26,11559.0,79907.0,6063.0,3997.0,0.0,101526.0,-0.0113158304768,1.01526,0.01647
2016-10-27,11448.0,79535.0,6010.0,3997.0,0.0,100990.0,-0.00527943580955,1.0099,0.02183
2016-10-28,11372.0,79537.0,5987.0,3997.0,0.0,100893.0,-0.000960491137736,1.00893,0.0228
2016-10-31,11354.0,78454.0,5992.0,3997.0,0.0,99797.0,-0.0108629934683,0.99797,0.03376
2016-11-01,11149.0,78361.0,5980.0,3997.0,0.0,99487.0,-0.00310630580078,0.99487,0.03686
2016-11-02,11159.0,76870.0,5943.0,3997.0,0.0,97969.0,-0.0152582749505,0.97969,0.05204
2016-11-03,10983.0,76213.0,5921.0,3997.0,0.0,97114.0,-0.00872725045678,0.97114,0.06059
2016-11-04,10884.0,76202.0,5871.0,3997.0,0.0,96954.0,-0.00164754824227,0.96954,0.06219
2016-11-07,11041.0,78252.0,6042.0,3997.0,0.0,99332.0,0.0245270953236,0.99332,0.03841
2016-11-08,11106.0,79051.0,6047.0,3997.0,0.0,100201.0,0.00874843957637,1.00201,0.02972
2016-11-09,11088.0,78531.0,6017.0,3997.0,0.0,99633.0,-0.00566860610174,0.99633,0.0354
2016-11-10,10779.0,76256.0,5870.0,3997.0,0.0,96902.0,-0.0274105968906,0.96902,0.06271
2016-11-11,10843.0,75402.0,5902.0,3997.0,0.0,96144.0,-0.0078223359683,0.96144,0.07029
2016-11-14,10571.0,73608.0,5812.0,3997.0,0.0,93988.0,-0.0224246962889,0.93988,0.09185
2016-11-15,10711.0,75849.0,5887.0,3997.0,0.0,96444.0,0.0261309954462,0.96444,0.06729
2016-11-16,10999.0,76448.0,5965.0,3997.0,0.0,97409.0,0.0100058064784,0.97409,0.05764
2016-11-17,10995.0,77123.0,6064.0,3997.0,0.0,98179.0,0.00790481372358,0.98179,0.04994
2016-11-18,11006.0,76054.0,6035.0,3997.0,0.0,97092.0,-0.0110716140926,0.97092,0.06081
2016-11-21,11173.0,76920.0,6086.0,3997.0,0.0,98176.0,0.0111646685618,0.98176,0.04997
2016-11-22,11180.0,76827.0,6112.0,3997.0,0.0,98116.0,-0.000611147327249,0.98116,0.05057
2016-11-23,11123.0,76099.0,6040.0,3997.0,0.0,97259.0,-0.00873455909332,0.97259,0.05914
2016-11-25,11179.0,76168.0,6053.0,3997.0,0.0,97397.0,0.00141889182492,0.97397,0.05776
2016-11-28,11157.0,76824.0,6061.0,3997.0,0.0,98039.0,0.00659157879606,0.98039,0.05134
2016-11-29,11146.0,77084.0,6109.0,3997.0,0.0,98336.0,0.00302940666469,0.98336,0.04837
2016-11-30,11052.0,75804.0,6026.0,3997.0,0.0,96879.0,-0.0148165473479,0.96879,0.06294
2016-12-01,10949.0,74792.0,5920.0,3997.0,0.0,95658.0,-0.0126033505713,0.95658,0.07515
2016-12-02,10990.0,75050.0,5925.0,3997.0,0.0,95962.0,0.00317798824981,0.95962,0.07211
2016-12-05,10911.0,76252.0,6022.0,3997.0,0.0,97182.0,0.0127133657073,0.97182,0.05991
2016-12-06,10995.0,75911.0,5995.0,3997.0,0.0,96898.0,-0.00292235187586,0.96898,0.06275
2016-12-07,11103.0,77119.0,6137.0,3997.0,0.0,98356.0,0.0150467501909,0.98356,0.04817
2016-12-08,11212.0,77642.0,6101.0,3997.0,0.0,98952.0,0.00605962015535,0.98952,0.04221
2016-12-09,11395.0,78929.0,6197.0,3997.0,0.0,100518.0,0.01582585496,1.00518,0.02655
2016-12-12,11330.0,78927.0,6217.0,3997.0,0.0,100471.0,-0.000467577946239,1.00471,0.02702
2016-12-13,11519.0,79610.0,6298.0,3997.0,0.0,101424.0,0.00948532412338,1.01424,0.01749
2016-12-14,11519.0,79707.0,6268.0,3997.0,0.0,101491.0,0.000660593153494,1.01491,0.01682
2016-12-15,11582.0,79785.0,6258.0,3997.0,0.0,101622.0,0.00129075484526,1.01622,0.01551
2016-12-16,11597.0,79080.0,6230.0,3997.0,0.0,100904.0,-0.00706539922458,1.00904,0.02269
2016-12-19,11664.0,79420.0,6362.0,3997.0,0.0,101443.0,0.00534171093316,1.01443,0.0173
2016-12-20,11695.0,79642.0,6354.0,3997.0,0.0,101688.0,0.00241514939424,1.01688,0.01485
2016-12-21,11706.0,79456.0,6354.0,3997.0,0.0,101513.0,-0.00172095035796,1.01513,0.0166
2016-12-22,11629.0,79126.0,6355.0,3997.0,0.0,101107.0,-0.00399948775034,1.01107,0.02066
2016-12-23,11652.0,78991.0,6324.0,3997.0,0.0,100964.0,-0.00141434322055,1.00964,0.02209
2016-12-27,11726.0,79155.0,6328.0,3997.0,0.0,101206.0,0.0023968939424,1.01206,0.01967
2016-12-28,11676.0,78505.0,6299.0,3997.0,0.0,100477.0,-0.00720313024919,1.00477,0.02696
2016-12-29,11673.0,78279.0,6290.0,3997.0,0.0,100239.0,-0.00236870129482,1.00239,0.02934
2016-12-30,11582.0,77182.0,6214.0,3997.0,0.0,98975.0,-0.0126098624288,0.98975,0.04198
2017-01-03,11615.0,78614.0,6258.0,3997.0,0.0,100484.0,0.0152462743117,1.00484,0.02689
2017-01-04,11602.0,78690.0,6230.0,3997.0,0.0,100519.0,0.000348314159468,1.00519,0.02654
2017-01-05,11661.0,79402.0,6230.0,3997.0,0.0,101290.0,0.00767019170505,1.0129,0.01883
2017-01-06,11791.0,80615.0,6284.0,3997.0,0.0,102687.0,0.0137920821404,1.02687,0.00486
2017-01-09,11899.0,80665.0,6264.0,3997.0,0.0,102825.0,0.00134388968419,1.02825,0.00348
2017-01-10,11911.0,80479.0,6262.0,3997.0,0.0,102649.0,-0.00171164600049,1.02649,0.00524
2017-01-11,11975.0,80791.0,6319.0,3997.0,0.0,103082.0,0.00421825833666,1.03082,0.00091
2017-01-12,11925.0,80636.0,6261.0,3997.0,0.0,102819.0,-0.00255136687297,1.02819,0.00354
2017-01-13,11904.0,80788.0,6270.0,3997.0,0.0,102959.0,0.00136161604373,1.02959,0.00214
2017-01-17,12000.0,80461.0,6253.0,3997.0,0.0,102711.0,-0.00240872580348,1.02711,0.00462
2017-01-18,11999.0,80607.0,6250.0,3997.0,0.0,102853.0,0.00138251988589,1.02853,0.0032
2017-01-19,11978.0,80217.5,6230.0,3997.0,0.0,102422.5,-0.00418558525274,1.024225,0.007505
2017-01-20,12000.0,80502.0,6274.0,3997.0,0.0,102773.0,0.00342209963631,1.02773,0.004
2017-01-23,12008.0,81931.0,6296.0,3997.0,0.0,104232.0,0.0141963356134,1.04232,0.0
2017-01-24,11997.0,82387.0,6352.0,3997.0,0.0,104733.0,0.00480658530969,1.04733,0.0
2017-01-25,12188.0,83567.0,6368.0,3997.0,0.0,106120.0,0.0132431993736,1.0612,0.0
2017-01-26,12194.0,83215.0,6427.0,3997.0,0.0,105833.0,-0.00270448548813,1.05833,0.00287
2017-01-27,12195.0,82331.0,6578.0,3997.0,0.0,105101.0,-0.0069165572175,1.05101,0.01019
2017-01-30,12163.0,80232.0,6513.0,3997.0,0.0,102905.0,-0.0208941874958,1.02905,0.03215
2017-01-31,12135.0,79679.0,6465.0,3997.0,0.0,102276.0,-0.00611243379816,1.02276,0.03844
2017-02-01,12875.0,79569.5,6358.0,3997.0,0.0,102799.5,0.00511850287457,1.027995,0.033205
2017-02-02,12853.0,79853.0,6317.0,3997.0,0.0,103020.0,0.00214495206689,1.0302,0.031
2017-02-03,12908.0,80149.0,6368.0,3997.0,0.0,103422.0,0.00390215492137,1.03422,0.02698
2017-02-06,13029.0,80134.0,6364.0,3997.0,0.0,103524.0,0.000986250507629,1.03524,0.02596
2017-02-07,13153.0,80697.0,6343.0,3997.0,0.0,104190.0,0.00643329083111,1.0419,0.0193
2017-02-08,13204.0,80838.0,6334.0,3997.0,0.0,104373.0,0.00175640656493,1.04373,0.01747
2017-02-09,13242.0,80956.0,6406.0,3997.0,0.0,104601.0,0.00218447299589,1.04601,0.01519
2017-02-10,13212.0,81367.0,6400.0,3997.0,0.0,104976.0,0.00358505176815,1.04976,0.01144
2017-02-13,13329.0,81924.0,6472.0,3997.0,0.0,105722.0,0.00710638622161,1.05722,0.00398
2017-02-14,13502.0,82045.0,6457.0,3997.0,0.0,106001.0,0.00263899661376,1.06001,0.00119
2017-02-15,13551.0,81898.0,6453.0,3997.0,0.0,105899.0,-0.000962255073065,1.05899,0.00221
2017-02-16,13534.5,82416.0,6452.0,3997.0,0.0,106399.5,0.00472620138056,1.063995,0.0
2017-02-17,13572.0,82807.0,6462.0,3997.0,0.0,106838.0,0.00412125996833,1.06838,0.0
2017-02-21,13670.0,83166.0,6449.0,3997.0,0.0,107282.0,0.00415582470657,1.07282,0.0
2017-02-22,13711.0,83076.0,6436.0,3997.0,0.0,107220.0,-0.000577916146231,1.0722,0.00062
2017-02-23,13653.0,83133.0,6462.0,3997.0,0.0,107245.0,0.000233165454206,1.07245,0.00037
2017-02-24,13666.0,82864.0,6462.0,3997.0,0.0,106989.0,-0.00238705767169,1.06989,0.00293
2017-02-27,13693.0,82928.0,6423.0,3997.0,0.0,107041.0,0.000486031274243,1.07041,0.00241
2017-02-28,13699.0,82321.0,6398.0,3997.0,0.0,106415.0,-0.00584822638055,1.06415,0.00867
2017-03-01,13979.0,83524.0,6494.0,3997.0,0.0,107994.0,0.0148381337217,1.07994,0.0
2017-03-02,13896.0,83063.0,6401.0,3997.0,0.0,107357.0,-0.00589847584125,1.07357,0.00637
2017-03-03,13978.0,82908.0,6425.0,3997.0,0.0,107308.0,-0.000456421099695,1.07308,0.00686
2017-03-06,13934.0,82778.0,6427.0,3997.0,0.0,107136.0,-0.00160286278749,1.07136,0.00858
2017-03-07,13952.0,83191.0,6440.0,3997.0,0.0,107580.0,0.00414426523297,1.0758,0.00414
2017-03-08,13900.0,83537.0,6499.0,3997.0,0.0,107933.0,0.00328127904815,1.07933,0.00061
2017-03-09,13868.0,83868.0,6473.0,3997.0,0.0,108206.0,0.00252934690966,1.08206,0.0
2017-03-10,13914.0,84325.0,6493.0,3997.0,0.0,108729.0,0.0048333733804,1.08729,0.0
2017-03-13,13920.0,84554.0,6471.0,3997.0,0.0,108942.0,0.00195899897911,1.08942,0.0
2017-03-14,13899.0,84562.0,6441.0,3997.0,0.0,108899.0,-0.000394705439592,1.08899,0.00043
2017-03-15,14046.0,84720.0,6475.0,3997.0,0.0,109238.0,0.00311297624404,1.09238,0.0
2017-03-16,14069.0,84878.0,6464.0,3997.0,0.0,109408.0,0.0015562350098,1.09408,0.0
2017-03-17,13999.0,85212.0,6487.0,3997.0,0.0,109695.0,0.00262320854051,1.09695,0.0
2017-03-20,14146.0,84840.0,6493.0,3997.0,0.0,109476.0,-0.00199644468754,1.09476,0.00219
2017-03-21,13984.0,83046.0,6421.0,3997.0,0.0,107448.0,-0.0185246081333,1.07448,0.02247
2017-03-22,14142.0,82959.0,6503.0,3997.0,0.0,107601.0,0.00142394460576,1.07601,0.02094
2017-03-23,14092.0,81758.0,6487.0,3997.0,0.0,106334.0,-0.0117749835039,1.06334,0.03361
2017-03-24,14064.0,81443.0,6498.0,3997.0,0.0,106002.0,-0.00312223747813,1.06002,0.03693
2017-03-27,14088.0,81951.0,6510.0,3997.0,0.0,106546.0,0.00513197864191,1.06546,0.03149
2017-03-28,14380.0,82092.0,6529.0,3997.0,0.0,106998.0,0.00424229910086,1.06998,0.02697
2017-03-29,14412.0,83141.0,6547.0,3997.0,0.0,108097.0,0.0102712200228,1.08097,0.01598
2017-03-30,14393.0,83150.0,6571.0,3997.0,0.0,108111.0,0.000129513307492,1.08111,0.01584
2017-03-31,14366.0,82956.0,6586.0,3997.0,0.0,107905.0,-0.00190544902924,1.07905,0.0179
2017-04-03,14370.0,83855.0,6555.0,3997.0,0.0,108777.0,0.00808118252166,1.08777,0.00918
2017-04-04,14477.0,83457.0,6573.0,3997.0,0.0,108504.0,-0.00250972172426,1.08504,0.01191
2017-04-05,14402.0,83141.0,6556.0,3997.0,0.0,108096.0,-0.0037602300376,1.08096,0.01599
2017-04-06,14366.0,82788.0,6573.0,3997.0,0.0,107724.0,-0.00344138543517,1.07724,0.01971
2017-04-07,14334.0,82467.0,6568.0,3997.0,0.0,107366.0,-0.0033233077123,1.07366,0.02329
2017-04-10,14317.0,82473.0,6553.0,3997.0,0.0,107340.0,-0.000242162323268,1.0734,0.02355
2017-04-11,14163.0,82335.0,6548.0,3997.0,0.0,107043.0,-0.00276690888765,1.07043,0.02652
2017-04-12,14180.0,82432.0,6523.0,3997.0,0.0,107132.0,0.00083144157021,1.07132,0.02563
2017-04-13,14105.0,82356.0,6495.0,3997.0,0.0,106953.0,-0.00167083597805,1.06953,0.02742
2017-04-17,14183.0,83717.0,6548.0,3997.0,0.0,108445.0,0.0139500528269,1.08445,0.0125
2017-04-18,14120.0,83682.0,6539.0,3997.0,0.0,108338.0,-0.00098667527318,1.08338,0.01357
2017-04-19,14068.0,83821.0,6504.0,3997.0,0.0,108390.0,0.000479979323968,1.0839,0.01305
2017-04-20,14244.0,84165.0,6550.0,3997.0,0.0,108956.0,0.00522188393763,1.08956,0.00739
2017-04-21,14227.0,84319.0,6640.0,3997.0,0.0,109183.0,0.00208340981681,1.09183,0.00512
2017-04-24,14364.0,86276.0,6753.0,3997.0,0.0,111390.0,0.0202137695429,1.1139,0.0
2017-04-25,14454.0,87230.0,6792.0,3997.0,0.0,112473.0,0.00972259628333,1.12473,0.0
2017-04-26,14365.08,87162.4,6783.0,3997.0,0.0,112307.48,-0.00147164208299,1.1230748,0.0016552
2017-04-27,14379.0,87425.0,6827.0,3997.0,0.0,112628.0,0.00285395060062,1.12628,0.0
2017-04-28,14365.0,90596.0,6846.0,3997.0,0.0,115804.0,0.028199026885,1.15804,0.0
2017-05-01,14660.0,91257.0,6941.0,3997.0,0.0,116855.0,0.00907567959656,1.16855,0.0
2017-05-02,14751.0,91644.0,6930.0,3997.0,0.0,117322.0,0.00399640580206,1.17322,0.0
2017-05-03,14706.0,92704.0,6908.0,3997.0,0.0,118315.0,0.00846388571623,1.18315,0.0
2017-05-04,14653.0,93166.0,6881.0,3997.0,0.0,118697.0,0.00322866923044,1.18697,0.0
2017-05-05,14896.0,92713.0,6900.0,3997.0,0.0,118506.0,-0.00160913923688,1.18506,0.00191
2017-05-08,15300.0,93430.0,6894.0,3997.0,0.0,119621.0,0.00940880630517,1.19621,0.0
2017-05-09,15396.0,93217.0,6904.0,3997.0,0.0,119514.0,-0.00089449176984,1.19514,0.00107
2017-05-10,15326.0,92878.0,6931.0,3997.0,0.0,119132.0,-0.00319627826029,1.19132,0.00489
2017-05-11,15395.0,93060.0,6846.0,3997.0,0.0,119298.0,0.00139341234933,1.19298,0.00323
2017-05-12,15610.0,93222.0,6838.0,3997.0,0.0,119667.0,0.00309309460343,1.19667,0.0
2017-05-15,15570.0,93708.0,6843.0,3997.0,0.0,120118.0,0.00376879173039,1.20118,0.0
2017-05-16,15547.0,94300.0,6941.0,3997.0,0.0,120785.0,0.00555287300821,1.20785,0.0
2017-05-17,15025.0,91962.0,6748.0,3997.0,0.0,117732.0,-0.0252763174235,1.17732,0.03053
2017-05-18,15254.0,93024.0,6771.0,3997.0,0.0,119046.0,0.0111609418,1.19046,0.01739
2017-05-19,15296.0,93401.0,6769.0,3997.0,0.0,119463.0,0.00350284763873,1.19463,0.01322
2017-05-22,15399.0,94186.0,6845.0,3997.0,0.0,120427.0,0.00806944409566,1.20427,0.00358
2017-05-23,15380.0,94882.0,6868.0,3997.0,0.0,121127.0,0.00581264998713,1.21127,0.0
2017-05-24,15334.0,95496.0,6877.0,3997.0,0.0,121704.0,0.00476359523475,1.21704,0.0
2017-05-25,15387.0,96954.0,6962.0,3997.0,0.0,123300.0,0.0131137842635,1.233,0.0
2017-05-26,15361.0,97147.0,6997.0,3997.0,0.0,123502.0,0.00163828061638,1.23502,0.0
2017-05-30,15367.0,97588.0,7041.0,3997.0,0.0,123993.0,0.00397564411912,1.23993,0.0
2017-05-31,15276.0,96486.0,6984.0,3997.0,0.0,122743.0,-0.0100812142621,1.22743,0.0125
2017-06-01,15318.0,96695.0,7010.0,3997.0,0.0,123020.0,0.00225674783898,1.2302,0.00973
2017-06-02,15545.0,97560.0,7176.0,3997.0,0.0,124278.0,0.0102259795155,1.24278,0.0
2017-06-05,15393.0,98368.0,7228.0,3997.0,0.0,124986.0,0.00569690532516,1.24986,0.0
2017-06-06,15445.0,97657.0,7252.0,3997.0,0.0,124351.0,-0.00508056902373,1.24351,0.00635
2017-06-07,15537.0,98108.0,7239.0,3997.0,0.0,124881.0,0.00426212897363,1.24881,0.00105
2017-06-08,15499.0,98341.0,7194.5,3997.0,0.0,125031.5,0.00120514730023,1.250315,0.0
2017-06-09,14898.0,94983.0,7032.0,3997.0,0.0,120910.0,-0.0329636931493,1.2091,0.041215
2017-06-12,14532.0,94290.0,6978.0,3997.0,0.0,119797.0,-0.00920519394591,1.19797,0.052345
2017-06-13,14659.0,95340.0,7065.0,3997.0,0.0,121061.0,0.0105511824169,1.21061,0.039705
2017-06-14,14516.0,95076.0,7027.0,3997.0,0.0,120616.0,-0.0036758328446,1.20616,0.044155
2017-06-15,14429.0,94231.0,6990.0,3997.0,0.0,119647.0,-0.00803376003184,1.19647,0.053845
2017-06-16,14227.0,93978.0,7000.0,3997.0,0.0,119202.0,-0.00371927419827,1.19202,0.058295
2017-06-19,14634.0,95737.0,7087.0,3997.0,0.0,121455.0,0.0189006895857,1.21455,0.035765
2017-06-20,14501.0,95063.0,6991.0,3997.0,0.0,120552.0,-0.00743485241447,1.20552,0.044795
2017-06-21,14587.0,95945.0,7027.0,3997.0,0.0,121556.0,0.00832835622802,1.21556,0.034755
2017-06-22,14563.0,95709.0,7026.0,3997.0,0.0,121295.0,-0.0021471585113,1.21295,0.037365
2017-06-23,14635.0,96559.0,7121.0,3997.0,0.0,122312.0,0.00838451708644,1.22312,0.027195
2017-06-26,14582.0,95227.0,7053.0,3997.0,0.0,120859.0,-0.0118794558179,1.20859,0.041725
2017-06-27,14374.0,92733.0,6921.0,3997.0,0.0,118025.0,-0.0234488122523,1.18025,0.070065
2017-06-28,14583.0,94049.0,6980.0,3997.0,0.0,119609.0,0.0134208854056,1.19609,0.054225
2017-06-29,14368.0,91779.0,6849.0,3997.0,0.0,116993.0,-0.0218712638681,1.16993,0.080385
2017-06-30,14402.0,90873.0,6893.0,3997.0,0.0,116165.0,-0.00707734650791,1.16165,0.088665
2017-07-03,14350.0,89870.0,6817.0,3997.0,0.0,115034.0,-0.00973615116429,1.15034,0.099975
2017-07-05,14409.0,91194.0,6908.0,3997.0,0.0,116508.0,0.0128136029348,1.16508,0.085235
2017-07-06,14273.0,90669.0,6857.0,3997.0,0.0,115796.0,-0.00611116833179,1.15796,0.092355
2017-07-07,14418.0,91859.0,6946.0,3997.0,0.0,117220.0,0.012297488687,1.1722,0.078115
2017-07-10,14506.0,92880.0,6998.0,3997.0,0.0,118381.0,0.00990445316499,1.18381,0.066505
2017-07-11,14553.0,93009.0,6999.0,3997.0,0.0,118558.0,0.00149517236719,1.18558,0.064735
2017-07-12,14574.0,94383.0,7115.0,3997.0,0.0,120069.0,0.0127448168829,1.20069,0.049625
2017-07-13,14777.0,94716.0,7177.0,3997.0,0.0,120667.0,0.00498046956333,1.20667,0.043645
2017-07-14,14904.0,95599.0,7278.0,3997.0,0.0,121778.0,0.00920715688631,1.21778,0.032535
2017-07-17,14956.0,95342.0,7335.0,3997.0,0.0,121630.0,-0.0012153262494,1.2163,0.034015
2017-07-18,15008.0,96540.0,7330.0,3997.0,0.0,122875.0,0.0102359615227,1.22875,0.021565
2017-07-19,15102.0,97089.0,7386.0,3997.0,0.0,123574.0,0.00568870803662,1.23574,0.014575
2017-07-20,15034.0,96815.0,7424.0,3997.0,0.0,123270.0,-0.00246006441484,1.2327,0.017615
2017-07-21,15027.0,97292.0,7379.0,3997.0,0.0,123695.0,0.00344771639491,1.23695,0.013365
2017-07-24,15209.0,98034.0,7360.0,3997.0,0.0,124600.0,0.00731638303893,1.246,0.004315
2017-07-25,15274.0,95070.0,7419.0,3997.0,0.0,121760.0,-0.0227929373997,1.2176,0.032715
2017-07-26,15346.0,94780.0,7405.0,3997.0,0.0,121528.0,-0.00190538764783,1.21528,0.035035
2017-07-27,15056.0,93409.0,7316.0,3997.0,0.0,119778.0,-0.0143999736686,1.19778,0.052535
2017-07-28,14950.0,94153.0,7304.0,3997.0,0.0,120404.0,0.00522633538713,1.20404,0.046275
2017-07-31,14885.0,93050.0,7272.0,3997.0,0.0,119204.0,-0.00996644629747,1.19204,0.058275
2017-08-01,15005.0,93083.0,7258.0,3997.0,0.0,119343.0,0.00116606825274,1.19343,0.056885
2017-08-02,15714.0,93039.0,7226.0,3997.0,0.0,119976.0,0.0053040396169,1.19976,0.050555
2017-08-03,15557.0,92365.0,7215.0,3997.0,0.0,119134.0,-0.00701807028072,1.19134,0.058975
2017-08-04,15639.0,92796.0,7268.0,3997.0,0.0,119700.0,0.00475095270871,1.197,0.053315
2017-08-07,16008.0,92936.0,7240.0,3997.0,0.0,120181.0,0.00401837928154,1.20181,0.048505
2017-08-08,16106.0,92679.0,7279.0,3997.0,0.0,120061.0,-0.00099849393831,1.20061,0.049705
2017-08-09,15527.0,92290.0,7247.0,3997.0,0.0,119061.0,-0.00832909937448,1.19061,0.059705
2017-08-10,15748.0,90724.0,7141.0,3997.0,0.0,117610.0,-0.0121870301778,1.1761,0.074215
2017-08-11,15985.0,91439.0,7250.0,3997.0,0.0,118671.0,0.00902134172264,1.18671,0.063605
2017-08-14,16160.0,92267.0,7359.0,3997.0,0.0,119783.0,0.00937044433771,1.19783,0.052485
2017-08-15,16095.0,92222.0,7322.0,3997.0,0.0,119636.0,-0.00122721922143,1.19636,0.053955
2017-08-16,15787.0,92696.0,7365.0,3997.0,0.0,119845.0,0.00174696579625,1.19845,0.051865
2017-08-17,15750.0,91098.0,7240.0,3997.0,0.0,118085.0,-0.0146856356127,1.18085,0.069465
2017-08-18,15721.0,91067.0,7249.0,3997.0,0.0,118034.0,-0.000431892280984,1.18034,0.069975
2017-08-21,15978.0,90666.0,7215.0,3997.0,0.0,117856.0,-0.00150804005625,1.17856,0.071755
2017-08-22,15998.0,92469.0,7316.0,3997.0,0.0,119780.0,0.0163250067879,1.1978,0.052515
2017-08-23,15927.0,92700.0,7272.0,3997.0,0.0,119896.0,0.00096844214393,1.19896,0.051355
2017-08-24,15986.0,92128.0,7269.0,3997.0,0.0,119380.0,-0.00430372989925,1.1938,0.056515
2017-08-25,16147.0,91589.0,7282.0,3997.0,0.0,119015.0,-0.00305746356174,1.19015,0.060165
2017-08-28,16291.0,91381.0,7283.0,3997.0,0.0,118952.0,-0.000529345040541,1.18952,0.060795
2017-08-29,16335.0,92129.0,7305.0,3997.0,0.0,119766.0,0.00684309637501,1.19766,0.052655
2017-08-30,16400.0,92957.0,7401.0,3997.0,0.0,120755.0,0.00825776931683,1.20755,0.042765
2017-08-31,16405.0,93933.0,7477.0,3997.0,0.0,121812.0,0.00875326073455,1.21812,0.032195
2017-09-01,16208.0,93734.0,7394.0,3997.0,0.0,121333.0,-0.00393228910124,1.21333,0.036985
2017-09-05,16191.0,92845.0,7361.0,3997.0,0.0,120394.0,-0.00773903225009,1.20394,0.046375
2017-09-06,16126.0,92781.0,7340.0,3997.0,0.0,120244.0,-0.00124590926458,1.20244,0.047875
2017-09-07,15863.0,93595.0,7434.0,3997.0,0.0,120889.0,0.00536409301088,1.20889,0.041425
2017-09-08,16150.0,92650.0,7398.0,3997.0,0.0,120195.0,-0.00574080354706,1.20195,0.048365
2017-09-11,16082.0,92908.0,7476.0,3997.0,0.0,120463.0,0.00222971005449,1.20463,0.045685
2017-09-12,15965.0,93207.0,7468.0,3997.0,0.0,120637.0,0.00144442691947,1.20637,0.043945
2017-09-13,15828.0,93509.0,7521.0,3997.0,0.0,120855.0,0.00180707411491,1.20855,0.041765
2017-09-14,15988.0,92511.0,7477.0,3997.0,0.0,119973.0,-0.00729800173762,1.19973,0.050585
2017-09-15,15867.0,92029.0,7531.0,3997.0,0.0,119424.0,-0.00457602960666,1.19424,0.056075
2017-09-18,15873.0,91500.0,7516.0,3997.0,0.0,118886.0,-0.00450495712755,1.18886,0.061455
2017-09-19,15607.0,92181.0,7544.0,3997.0,0.0,119329.0,0.0037262587689,1.19329,0.057025
2017-09-20,15339.0,93158.0,7494.0,3997.0,0.0,119988.0,0.00552254690813,1.19988,0.050435
2017-09-21,15189.0,93245.0,7421.0,3997.0,0.0,119852.0,-0.001133446678,1.19852,0.051795
2017-09-22,15055.0,92853.0,7441.0,3997.0,0.0,119346.0,-0.00422187364416,1.19346,0.056855
2017-09-25,15314.0,92097.0,7326.0,3997.0,0.0,118734.0,-0.00512794731286,1.18734,0.062975
2017-09-26,15423.0,92486.0,7326.0,3997.0,0.0,119232.0,0.00419424933044,1.19232,0.057995
2017-09-27,15328.0,94449.0,7385.0,3997.0,0.0,121159.0,0.0161617686527,1.21159,0.038725
2017-09-28,15412.0,94950.0,7387.0,3997.0,0.0,121746.0,0.00484487326571,1.21746,0.032855
2017-09-29,15381.0,95911.0,7449.0,3997.0,0.0,122738.0,0.00814811164227,1.22738,0.022935
2017-10-02,15448.0,95327.0,7461.0,3997.0,0.0,122233.0,-0.00411445518095,1.22233,0.027985
2017-10-03,15345.08,95779.0,7426.0,3997.0,0.0,122547.08,0.0025695188697,1.2254708,0.0248442
2017-10-04,15539.0,95168.0,7469.0,3997.0,0.0,122173.0,-0.00305254111318,1.22173,0.028585
2017-10-05,15530.0,96996.0,7597.0,3997.0,0.0,124120.0,0.0159364180302,1.2412,0.009115
2017-10-06,15584.0,97889.0,7600.0,3997.0,0.0,125070.0,0.0076538833387,1.2507,0.0
2017-10-09,15590.0,97700.0,7629.0,3997.0,0.0,124916.0,-0.00123131046614,1.24916,0.00154
2017-10-10,15655.0,97260.0,7629.0,3997.0,0.0,124541.0,-0.00300201735566,1.24541,0.00529
2017-10-11,15600.0,98925.0,7642.0,3997.0,0.0,126164.0,0.0130318529641,1.26164,0.0
2017-10-12,15699.0,98783.0,7712.0,3997.0,0.0,126191.0,0.000214007165277,1.26191,0.0
2017-10-13,15988.0,98968.0,7749.0,3997.0,0.0,126702.0,0.00404941715336,1.26702,0.0
2017-10-16,16047.0,99200.0,7765.0,3997.0,0.0,127009.0,0.00242300831873,1.27009,0.0
2017-10-17,15976.0,99218.0,7759.0,3997.0,0.0,126950.0,-0.000464534009401,1.2695,0.00059
2017-10-18,15598.0,99281.0,7761.0,3997.0,0.0,126637.0,-0.00246553761323,1.26637,0.00372
2017-10-19,15616.0,98445.0,7791.0,3997.0,0.0,125849.0,-0.00622251000892,1.25849,0.0116
2017-10-20,15617.0,98820.0,7881.0,3997.0,0.0,126315.0,0.00370285024116,1.26315,0.00694
2017-10-23,15710.0,96845.0,7883.0,3997.0,0.0,124435.0,-0.0148834263547,1.24435,0.02574
2017-10-24,15640.5,97054.0,7886.0,3997.0,0.0,124577.5,0.00114517619641,1.245775,0.024315
2017-10-25,15741.0,97333.0,7863.0,3997.0,0.0,124934.0,0.00286167245289,1.24934,0.02075
2017-10-26,16305.0,97256.0,7876.0,3997.0,0.0,125434.0,0.00400211311573,1.25434,0.01575
2017-10-27,16672.0,101927.0,8381.0,3997.0,0.0,130977.0,0.0441905703398,1.30977,0.0
2017-10-30,16904.0,101711.0,8389.0,3997.0,0.0,131001.0,0.000183238278476,1.31001,0.0
2017-10-31,16689.0,101664.0,8318.0,3997.0,0.0,130668.0,-0.00254196532851,1.30668,0.00333
2017-11-01,16811.0,102550.0,8318.0,3997.0,0.0,131676.0,0.00771420699789,1.31676,0.0
2017-11-02,17250.0,102558.0,8405.0,3997.0,0.0,132210.0,0.00405540873052,1.3221,0.0
2017-11-03,17250.0,103248.0,8414.0,3997.0,0.0,132909.0,0.00528704334014,1.32909,0.0
